Workbook

Sheet ReadMe
A1: 반도체·모빌리티 특화 액셀러레이터 KPI 평가표
A2: 월간/분기 팀별 평가 + 연계 KPI + 상위 요약표
A4: 회사명 | B4: Your Company | C4: 문서번호 | D4: KPI-DT-2026-001 | E4: 버전 | F4: v1.0 | G4: 보안등급 | H4: Internal
A8: 사용 안내
A9: 입력 셀 | B9: 노란 배경 / 파란 글씨
A10: 수식 셀 | B10: 흰 배경 / 검은 글씨
A11: 달성률 | B11: 실적÷목표, 최대 120% 캡
A12: 총점 | B12: 환산점수 합계
A13: 등급 | B13: S/A/B/C/D 자동 계산
A14: 권장 사용법 | B14: 월말 팀별 평가 입력 → 분기말 누적 검토 → Summary 시트 확인

Sheet Sourcing_Monthly
A1: Sourcing Team KPI Evaluation - Monthly
A2: 반도체·모빌리티 특화 액셀러레이터용 평가표
A4: 팀명 | B4: Sourcing | C4: 평가기간 | D4: 2026-01 | E4: 팀장 | G4: 작성자
A5: 검토자
A6: Sourcing 월간 KPI 평가
A7: KPI 구분 | B7: KPI 항목 | C7: 목표 | D7: 실적 | E7: 달성률(%) | F7: 비중 | G7: 환산점수 | H7: 상태 | I7: 코멘트
A8: Input | B8: 신규 리드 수 | C8: 80 | E8: =IFERROR(IF(OR(C8="",D8=""),"",MIN(D8/C8,1.2)), "") | F8: 8 | G8: =IFERROR(E8*F8,"") | H8: =IF(E8="","",IF(E8>=1,"양호",IF(E8>=0.9,"양호",IF(E8>=0.7,"주의","위험"))))
A9: Input | B9: 반도체·모빌리티 전략산업 리드 비율 | C9: 0.6 | E9: =IFERROR(IF(OR(C9="",D9=""),"",MIN(D9/C9,1.2)), "") | F9: 12 | G9: =IFERROR(E9*F9,"") | H9: =IF(E9="","",IF(E9>=1,"양호",IF(E9>=0.9,"양호",IF(E9>=0.7,"주의","위험"))))
A10: Input | B10: 연구소/대학/기술지주 기반 유입 수 | C10: 12 | E10: =IFERROR(IF(OR(C10="",D10=""),"",MIN(D10/C10,1.2)), "") | F10: 8 | G10: =IFERROR(E10*F10,"") | H10: =IF(E10="","",IF(E10>=1,"양호",IF(E10>=0.9,"양호",IF(E10>=0.7,"주의","위험"))))
A11: Input | B11: 추천채널 유입 수 | C11: 15 | E11: =IFERROR(IF(OR(C11="",D11=""),"",MIN(D11/C11,1.2)), "") | F11: 7 | G11: =IFERROR(E11*F11,"") | H11: =IF(E11="","",IF(E11>=1,"양호",IF(E11>=0.9,"양호",IF(E11>=0.7,"주의","위험"))))
A12: Process | B12: 1차 미팅 완료율 | C12: 0.5 | E12: =IFERROR(IF(OR(C12="",D12=""),"",MIN(D12/C12,1.2)), "") | F12: 7 | G12: =IFERROR(E12*F12,"") | H12: =IF(E12="","",IF(E12>=1,"양호",IF(E12>=0.9,"양호",IF(E12>=0.7,"주의","위험"))))
A13: Process | B13: 기술창업형 초기 분류 정확도 | C13: 0.9 | E13: =IFERROR(IF(OR(C13="",D13=""),"",MIN(D13/C13,1.2)), "") | F13: 8 | G13: =IFERROR(E13*F13,"") | H13: =IF(E13="","",IF(E13>=1,"양호",IF(E13>=0.9,"양호",IF(E13>=0.7,"주의","위험"))))
A14: Process | B14: CRM 입력 완결률 | C14: 1 | E14: =IFERROR(IF(OR(C14="",D14=""),"",MIN(D14/C14,1.2)), "") | F14: 5 | G14: =IFERROR(E14*F14,"") | H14: =IF(E14="","",IF(E14>=1,"양호",IF(E14>=0.9,"양호",IF(E14>=0.7,"주의","위험"))))
A15: Output | B15: 심사팀 인계 건수 | C15: 20 | E15: =IFERROR(IF(OR(C15="",D15=""),"",MIN(D15/C15,1.2)), "") | F15: 7 | G15: =IFERROR(E15*F15,"") | H15: =IF(E15="","",IF(E15>=1,"양호",IF(E15>=0.9,"양호",IF(E15>=0.7,"주의","위험"))))
A16: Output | B16: 기술검증 필요 딜 인계 비율 | C16: 0.7 | E16: =IFERROR(IF(OR(C16="",D16=""),"",MIN(D16/C16,1.2)), "") | F16: 8 | G16: =IFERROR(E16*F16,"") | H16: =IF(E16="","",IF(E16>=1,"양호",IF(E16>=0.9,"양호",IF(E16>=0.7,"주의","위험"))))
A17: Output | B17: TIPS 잠재후보 태깅률 | C17: 0.5 | E17: =IFERROR(IF(OR(C17="",D17=""),"",MIN(D17/C17,1.2)), "") | F17: 8 | G17: =IFERROR(E17*F17,"") | H17: =IF(E17="","",IF(E17>=1,"양호",IF(E17>=0.9,"양호",IF(E17>=0.7,"주의","위험"))))
A18: Outcome | B18: 심사 전환율 | C18: 0.7 | E18: =IFERROR(IF(OR(C18="",D18=""),"",MIN(D18/C18,1.2)), "") | F18: 8 | G18: =IFERROR(E18*F18,"") | H18: =IF(E18="","",IF(E18>=1,"양호",IF(E18>=0.9,"양호",IF(E18>=0.7,"주의","위험"))))
A19: Outcome | B19: 투자 전환 기여율 | C19: 0.12 | E19: =IFERROR(IF(OR(C19="",D19=""),"",MIN(D19/C19,1.2)), "") | F19: 7 | G19: =IFERROR(E19*F19,"") | H19: =IF(E19="","",IF(E19>=1,"양호",IF(E19>=0.9,"양호",IF(E19>=0.7,"주의","위험"))))
A20: Outcome | B20: 전략산업 포트 편입 기여율 | C20: 0.7 | E20: =IFERROR(IF(OR(C20="",D20=""),"",MIN(D20/C20,1.2)), "") | F20: 5 | G20: =IFERROR(E20*F20,"") | H20: =IF(E20="","",IF(E20>=1,"양호",IF(E20>=0.9,"양호",IF(E20>=0.7,"주의","위험"))))
A21: 총점 | B21: 환산점수 합계 | G21: =SUM(G8:G20) | H21: =IF(G21>=95,"S",IF(G21>=90,"A",IF(G21>=80,"B",IF(G21>=70,"C","D"))))
A23: 이번 달 가장 잘한 점
A24: 이번 달 가장 부족한 점
A25: 다음 달 보완 우선순위
A26: 리스크 및 지원 요청

Sheet Sourcing_Quarterly
A1: Sourcing Team KPI Evaluation - Quarterly
A2: 반도체·모빌리티 특화 액셀러레이터용 평가표
A4: 팀명 | B4: Sourcing | C4: 평가기간 | D4: 2026-Q1 | E4: 팀장 | G4: 작성자
A5: 검토자
A6: Sourcing 분기 KPI 평가
A7: KPI 구분 | B7: KPI 항목 | C7: 목표 | D7: 실적 | E7: 달성률(%) | F7: 비중 | G7: 환산점수 | H7: 상태 | I7: 코멘트
A8: Input | B8: 누적 신규 리드 수 | C8: 240 | E8: =IFERROR(IF(OR(C8="",D8=""),"",MIN(D8/C8,1.2)), "") | F8: 8 | G8: =IFERROR(E8*F8,"") | H8: =IF(E8="","",IF(E8>=1,"양호",IF(E8>=0.9,"양호",IF(E8>=0.7,"주의","위험"))))
A9: Input | B9: 전략산업 리드 비율 | C9: 0.6 | E9: =IFERROR(IF(OR(C9="",D9=""),"",MIN(D9/C9,1.2)), "") | F9: 12 | G9: =IFERROR(E9*F9,"") | H9: =IF(E9="","",IF(E9>=1,"양호",IF(E9>=0.9,"양호",IF(E9>=0.7,"주의","위험"))))
A10: Input | B10: 기술특화 유입 채널 수 | C10: 10 | E10: =IFERROR(IF(OR(C10="",D10=""),"",MIN(D10/C10,1.2)), "") | F10: 8 | G10: =IFERROR(E10*F10,"") | H10: =IF(E10="","",IF(E10>=1,"양호",IF(E10>=0.9,"양호",IF(E10>=0.7,"주의","위험"))))
A11: Process | B11: 기술창업 분류 정확도 | C11: 0.9 | E11: =IFERROR(IF(OR(C11="",D11=""),"",MIN(D11/C11,1.2)), "") | F11: 10 | G11: =IFERROR(E11*F11,"") | H11: =IF(E11="","",IF(E11>=1,"양호",IF(E11>=0.9,"양호",IF(E11>=0.7,"주의","위험"))))
A12: Output | B12: 기술검증 인계 건수 | C12: 30 | E12: =IFERROR(IF(OR(C12="",D12=""),"",MIN(D12/C12,1.2)), "") | F12: 10 | G12: =IFERROR(E12*F12,"") | H12: =IF(E12="","",IF(E12>=1,"양호",IF(E12>=0.9,"양호",IF(E12>=0.7,"주의","위험"))))
A13: Output | B13: TIPS 잠재후보 인계 수 | C13: 10 | E13: =IFERROR(IF(OR(C13="",D13=""),"",MIN(D13/C13,1.2)), "") | F13: 10 | G13: =IFERROR(E13*F13,"") | H13: =IF(E13="","",IF(E13>=1,"양호",IF(E13>=0.9,"양호",IF(E13>=0.7,"주의","위험"))))
A14: Outcome | B14: 심사 전환율 | C14: 0.7 | E14: =IFERROR(IF(OR(C14="",D14=""),"",MIN(D14/C14,1.2)), "") | F14: 12 | G14: =IFERROR(E14*F14,"") | H14: =IF(E14="","",IF(E14>=1,"양호",IF(E14>=0.9,"양호",IF(E14>=0.7,"주의","위험"))))
A15: Outcome | B15: 투자 전환율 | C15: 0.12 | E15: =IFERROR(IF(OR(C15="",D15=""),"",MIN(D15/C15,1.2)), "") | F15: 15 | G15: =IFERROR(E15*F15,"") | H15: =IF(E15="","",IF(E15>=1,"양호",IF(E15>=0.9,"양호",IF(E15>=0.7,"주의","위험"))))
A16: Outcome | B16: 전략산업 포트 편입 기여율 | C16: 0.7 | E16: =IFERROR(IF(OR(C16="",D16=""),"",MIN(D16/C16,1.2)), "") | F16: 15 | G16: =IFERROR(E16*F16,"") | H16: =IF(E16="","",IF(E16>=1,"양호",IF(E16>=0.9,"양호",IF(E16>=0.7,"주의","위험"))))
A17: 총점 | B17: 환산점수 합계 | G17: =SUM(G8:G16) | H17: =IF(G17>=95,"S",IF(G17>=90,"A",IF(G17>=80,"B",IF(G17>=70,"C","D"))))
A19: 핵심 성과
A20: 핵심 미달 항목
A21: 전분기 대비 개선사항
A22: 다음 분기 전략과제
A23: 인사/보상 반영 의견

Sheet Investment_Monthly
A1: Investment Team KPI Evaluation - Monthly
A2: 반도체·모빌리티 특화 액셀러레이터용 평가표
A4: 팀명 | B4: Investment | C4: 평가기간 | D4: 2026-01 | E4: 팀장 | G4: 작성자
A5: 검토자
A6: Investment 월간 KPI 평가
A7: KPI 구분 | B7: KPI 항목 | C7: 목표 | D7: 실적 | E7: 달성률(%) | F7: 비중 | G7: 환산점수 | H7: 상태 | I7: 코멘트
A8: Process | B8: 평균 심사 소요일 | C8: 21 | E8: =IFERROR(IF(OR(C8="",D8=""),"",MIN(D8/C8,1.2)), "") | F8: 8 | G8: =IFERROR(E8*F8,"") | H8: =IF(E8="","",IF(E8>=1,"양호",IF(E8>=0.9,"양호",IF(E8>=0.7,"주의","위험"))))
A9: Process | B9: 기술검증 착수율 | C9: 0.9 | E9: =IFERROR(IF(OR(C9="",D9=""),"",MIN(D9/C9,1.2)), "") | F9: 10 | G9: =IFERROR(E9*F9,"") | H9: =IF(E9="","",IF(E9>=1,"양호",IF(E9>=0.9,"양호",IF(E9>=0.7,"주의","위험"))))
A10: Process | B10: DD 자료 회수율 | C10: 0.95 | E10: =IFERROR(IF(OR(C10="",D10=""),"",MIN(D10/C10,1.2)), "") | F10: 5 | G10: =IFERROR(E10*F10,"") | H10: =IF(E10="","",IF(E10>=1,"양호",IF(E10>=0.9,"양호",IF(E10>=0.7,"주의","위험"))))
A11: Process | B11: 투자메모 완결률 | C11: 1 | E11: =IFERROR(IF(OR(C11="",D11=""),"",MIN(D11/C11,1.2)), "") | F11: 5 | G11: =IFERROR(E11*F11,"") | H11: =IF(E11="","",IF(E11>=1,"양호",IF(E11>=0.9,"양호",IF(E11>=0.7,"주의","위험"))))
A12: Process | B12: TRL 판정 완료율 | C12: 1 | E12: =IFERROR(IF(OR(C12="",D12=""),"",MIN(D12/C12,1.2)), "") | F12: 8 | G12: =IFERROR(E12*F12,"") | H12: =IF(E12="","",IF(E12>=1,"양호",IF(E12>=0.9,"양호",IF(E12>=0.7,"주의","위험"))))
A13: Process | B13: TIPS 적합성 예비판단률 | C13: 1 | E13: =IFERROR(IF(OR(C13="",D13=""),"",MIN(D13/C13,1.2)), "") | F13: 8 | G13: =IFERROR(E13*F13,"") | H13: =IF(E13="","",IF(E13>=1,"양호",IF(E13>=0.9,"양호",IF(E13>=0.7,"주의","위험"))))
A14: Output | B14: 심층심사 착수 건수 | C14: 15 | E14: =IFERROR(IF(OR(C14="",D14=""),"",MIN(D14/C14,1.2)), "") | F14: 6 | G14: =IFERROR(E14*F14,"") | H14: =IF(E14="","",IF(E14>=1,"양호",IF(E14>=0.9,"양호",IF(E14>=0.7,"주의","위험"))))
A15: Output | B15: 기술검증 완료 건수 | C15: 8 | E15: =IFERROR(IF(OR(C15="",D15=""),"",MIN(D15/C15,1.2)), "") | F15: 10 | G15: =IFERROR(E15*F15,"") | H15: =IF(E15="","",IF(E15>=1,"양호",IF(E15>=0.9,"양호",IF(E15>=0.7,"주의","위험"))))
A16: Output | B16: IC 상정 건수 | C16: 8 | E16: =IFERROR(IF(OR(C16="",D16=""),"",MIN(D16/C16,1.2)), "") | F16: 6 | G16: =IFERROR(E16*F16,"") | H16: =IF(E16="","",IF(E16>=1,"양호",IF(E16>=0.9,"양호",IF(E16>=0.7,"주의","위험"))))
A17: Output | B17: TIPS 후보 판정 건수 | C17: 4 | E17: =IFERROR(IF(OR(C17="",D17=""),"",MIN(D17/C17,1.2)), "") | F17: 6 | G17: =IFERROR(E17*F17,"") | H17: =IF(E17="","",IF(E17>=1,"양호",IF(E17>=0.9,"양호",IF(E17>=0.7,"주의","위험"))))
A18: Outcome | B18: IC 승인율 | C18: 0.55 | E18: =IFERROR(IF(OR(C18="",D18=""),"",MIN(D18/C18,1.2)), "") | F18: 6 | G18: =IFERROR(E18*F18,"") | H18: =IF(E18="","",IF(E18>=1,"양호",IF(E18>=0.9,"양호",IF(E18>=0.7,"주의","위험"))))
A19: Outcome | B19: 클로징 성공률 | C19: 0.88 | E19: =IFERROR(IF(OR(C19="",D19=""),"",MIN(D19/C19,1.2)), "") | F19: 8 | G19: =IFERROR(E19*F19,"") | H19: =IF(E19="","",IF(E19>=1,"양호",IF(E19>=0.9,"양호",IF(E19>=0.7,"주의","위험"))))
... A22: Outcome | B22: TIPS 추천 가능성 높은 딜 비율 | C22: 0.28 | E22: =IFERROR(IF(OR(C22="",D22=""),"",MIN(D22/C22,1.2)), "") | F22: 4 | G22: =IFERROR(E22*F22,"") | H22: =IF(E22="","",IF(E22>=1,"양호",IF(E22>=0.9,"양호",IF(E22>=0.7,"주의","위험"))))
A23: 총점 | B23: 환산점수 합계 | G23: =SUM(G8:G22) | H23: =IF(G23>=95,"S",IF(G23>=90,"A",IF(G23>=80,"B",IF(G23>=70,"C","D"))))
A25: 이번 달 가장 잘한 점
A26: 이번 달 가장 부족한 점
A27: 다음 달 보완 우선순위
A28: 리스크 및 지원 요청

Sheet Investment_Quarterly
A1: Investment Team KPI Evaluation - Quarterly
A2: 반도체·모빌리티 특화 액셀러레이터용 평가표
A4: 팀명 | B4: Investment | C4: 평가기간 | D4: 2026-Q1 | E4: 팀장 | G4: 작성자
A5: 검토자
A6: Investment 분기 KPI 평가
A7: KPI 구분 | B7: KPI 항목 | C7: 목표 | D7: 실적 | E7: 달성률(%) | F7: 비중 | G7: 환산점수 | H7: 상태 | I7: 코멘트
A8: Process | B8: 평균 심사 소요일 | C8: 21 | E8: =IFERROR(IF(OR(C8="",D8=""),"",MIN(D8/C8,1.2)), "") | F8: 8 | G8: =IFERROR(E8*F8,"") | H8: =IF(E8="","",IF(E8>=1,"양호",IF(E8>=0.9,"양호",IF(E8>=0.7,"주의","위험"))))
A9: Process | B9: 기술검증 완료율 | C9: 0.9 | E9: =IFERROR(IF(OR(C9="",D9=""),"",MIN(D9/C9,1.2)), "") | F9: 12 | G9: =IFERROR(E9*F9,"") | H9: =IF(E9="","",IF(E9>=1,"양호",IF(E9>=0.9,"양호",IF(E9>=0.7,"주의","위험"))))
A10: Process | B10: TRL 판정 완결률 | C10: 1 | E10: =IFERROR(IF(OR(C10="",D10=""),"",MIN(D10/C10,1.2)), "") | F10: 10 | G10: =IFERROR(E10*F10,"") | H10: =IF(E10="","",IF(E10>=1,"양호",IF(E10>=0.9,"양호",IF(E10>=0.7,"주의","위험"))))
A11: Process | B11: TIPS 예비판단률 | C11: 1 | E11: =IFERROR(IF(OR(C11="",D11=""),"",MIN(D11/C11,1.2)), "") | F11: 8 | G11: =IFERROR(E11*F11,"") | H11: =IF(E11="","",IF(E11>=1,"양호",IF(E11>=0.9,"양호",IF(E11>=0.7,"주의","위험"))))
A12: Output | B12: 심층심사 누적 건수 | C12: 45 | E12: =IFERROR(IF(OR(C12="",D12=""),"",MIN(D12/C12,1.2)), "") | F12: 8 | G12: =IFERROR(E12*F12,"") | H12: =IF(E12="","",IF(E12>=1,"양호",IF(E12>=0.9,"양호",IF(E12>=0.7,"주의","위험"))))
A13: Output | B13: 기술검증 완료 건수 | C13: 20 | E13: =IFERROR(IF(OR(C13="",D13=""),"",MIN(D13/C13,1.2)), "") | F13: 12 | G13: =IFERROR(E13*F13,"") | H13: =IF(E13="","",IF(E13>=1,"양호",IF(E13>=0.9,"양호",IF(E13>=0.7,"주의","위험"))))
A14: Output | B14: TIPS 후보 판정 건수 | C14: 10 | E14: =IFERROR(IF(OR(C14="",D14=""),"",MIN(D14/C14,1.2)), "") | F14: 8 | G14: =IFERROR(E14*F14,"") | H14: =IF(E14="","",IF(E14>=1,"양호",IF(E14>=0.9,"양호",IF(E14>=0.7,"주의","위험"))))
A15: Outcome | B15: IC 승인율 | C15: 0.55 | E15: =IFERROR(IF(OR(C15="",D15=""),"",MIN(D15/C15,1.2)), "") | F15: 8 | G15: =IFERROR(E15*F15,"") | H15: =IF(E15="","",IF(E15>=1,"양호",IF(E15>=0.9,"양호",IF(E15>=0.7,"주의","위험"))))
A16: Outcome | B16: 클로징 성공률 | C16: 0.88 | E16: =IFERROR(IF(OR(C16="",D16=""),"",MIN(D16/C16,1.2)), "") | F16: 12 | G16: =IFERROR(E16*F16,"") | H16: =IF(E16="","",IF(E16>=1,"양호",IF(E16>=0.9,"양호",IF(E16>=0.7,"주의","위험"))))
A17: Outcome | B17: PoC 우선 전환 적합률 | C17: 0.7 | E17: =IFERROR(IF(OR(C17="",D17=""),"",MIN(D17/C17,1.2)), "") | F17: 8 | G17: =IFERROR(E17*F17,"") | H17: =IF(E17="","",IF(E17>=1,"양호",IF(E17>=0.9,"양호",IF(E17>=0.7,"주의","위험"))))
A18: Outcome | B18: CVC 적합 딜 식별률 | C18: 0.5 | E18: =IFERROR(IF(OR(C18="",D18=""),"",MIN(D18/C18,1.2)), "") | F18: 6 | G18: =IFERROR(E18*F18,"") | H18: =IF(E18="","",IF(E18>=1,"양호",IF(E18>=0.9,"양호",IF(E18>=0.7,"주의","위험"))))
A19: Outcome | B19: TIPS 추천 가능 비율 | C19: 0.28 | E19: =IFERROR(IF(OR(C19="",D19=""),"",MIN(D19/C19,1.2)), "") | F19: 8 | G19: =IFERROR(E19*F19,"") | H19: =IF(E19="","",IF(E19>=1,"양호",IF(E19>=0.9,"양호",IF(E19>=0.7,"주의","위험"))))
A20: 총점 | B20: 환산점수 합계 | G20: =SUM(G8:G19) | H20: =IF(G20>=95,"S",IF(G20>=90,"A",IF(G20>=80,"B",IF(G20>=70,"C","D"))))
A22: 핵심 성과
A23: 핵심 미달 항목
A24: 전분기 대비 개선사항
A25: 다음 분기 전략과제
A26: 인사/보상 반영 의견

Sheet Program_Monthly
A1: Program Team KPI Evaluation - Monthly
A2: 반도체·모빌리티 특화 액셀러레이터용 평가표
A4: 팀명 | B4: Program | C4: 평가기간 | D4: 2026-01 | E4: 팀장 | G4: 작성자
A5: 검토자
A6: Program 월간 KPI 평가
A7: KPI 구분 | B7: KPI 항목 | C7: 목표 | D7: 실적 | E7: 달성률(%) | F7: 비중 | G7: 환산점수 | H7: 상태 | I7: 코멘트
A8: Process | B8: 온보딩 완료율 | C8: 1 | E8: =IFERROR(IF(OR(C8="",D8=""),"",MIN(D8/C8,1.2)), "") | F8: 5 | G8: =IFERROR(E8*F8,"") | H8: =IF(E8="","",IF(E8>=1,"양호",IF(E8>=0.9,"양호",IF(E8>=0.7,"주의","위험"))))
A9: Process | B9: 액션플랜 수립률 | C9: 1 | E9: =IFERROR(IF(OR(C9="",D9=""),"",MIN(D9/C9,1.2)), "") | F9: 5 | G9: =IFERROR(E9*F9,"") | H9: =IF(E9="","",IF(E9>=1,"양호",IF(E9>=0.9,"양호",IF(E9>=0.7,"주의","위험"))))
A10: Process | B10: 멘토링 실행률 | C10: 0.9 | E10: =IFERROR(IF(OR(C10="",D10=""),"",MIN(D10/C10,1.2)), "") | F10: 5 | G10: =IFERROR(E10*F10,"") | H10: =IF(E10="","",IF(E10>=1,"양호",IF(E10>=0.9,"양호",IF(E10>=0.7,"주의","위험"))))
A11: Process | B11: 기술검증 과제 이행률 | C11: 0.8 | E11: =IFERROR(IF(OR(C11="",D11=""),"",MIN(D11/C11,1.2)), "") | F11: 10 | G11: =IFERROR(E11*F11,"") | H11: =IF(E11="","",IF(E11>=1,"양호",IF(E11>=0.9,"양호",IF(E11>=0.7,"주의","위험"))))
A12: Process | B12: TIPS 준비 미팅 실행률 | C12: 0.8 | E12: =IFERROR(IF(OR(C12="",D12=""),"",MIN(D12/C12,1.2)), "") | F12: 8 | G12: =IFERROR(E12*F12,"") | H12: =IF(E12="","",IF(E12>=1,"양호",IF(E12>=0.9,"양호",IF(E12>=0.7,"주의","위험"))))
A13: Process | B13: PoC 준비과제 이행률 | C13: 0.7 | E13: =IFERROR(IF(OR(C13="",D13=""),"",MIN(D13/C13,1.2)), "") | F13: 8 | G13: =IFERROR(E13*F13,"") | H13: =IF(E13="","",IF(E13>=1,"양호",IF(E13>=0.9,"양호",IF(E13>=0.7,"주의","위험"))))
A14: Output | B14: TRL 상승 기업 수 | C14: 2 | E14: =IFERROR(IF(OR(C14="",D14=""),"",MIN(D14/C14,1.2)), "") | F14: 10 | G14: =IFERROR(E14*F14,"") | H14: =IF(E14="","",IF(E14>=1,"양호",IF(E14>=0.9,"양호",IF(E14>=0.7,"주의","위험"))))
A15: Output | B15: KPI 개선 기업 비율 | C15: 0.7 | E15: =IFERROR(IF(OR(C15="",D15=""),"",MIN(D15/C15,1.2)), "") | F15: 6 | G15: =IFERROR(E15*F15,"") | H15: =IF(E15="","",IF(E15>=1,"양호",IF(E15>=0.9,"양호",IF(E15>=0.7,"주의","위험"))))
A16: Output | B16: TIPS 자료 초안 완료 기업 수 | C16: 2 | E16: =IFERROR(IF(OR(C16="",D16=""),"",MIN(D16/C16,1.2)), "") | F16: 8 | G16: =IFERROR(E16*F16,"") | H16: =IF(E16="","",IF(E16>=1,"양호",IF(E16>=0.9,"양호",IF(E16>=0.7,"주의","위험"))))
A17: Output | B17: PoC 준비완료 기업 수 | C17: 2 | E17: =IFERROR(IF(OR(C17="",D17=""),"",MIN(D17/C17,1.2)), "") | F17: 8 | G17: =IFERROR(E17*F17,"") | H17: =IF(E17="","",IF(E17>=1,"양호",IF(E17>=0.9,"양호",IF(E17>=0.7,"주의","위험"))))
A18: Outcome | B18: 후속투자 미팅 발생률 | C18: 0.6 | E18: =IFERROR(IF(OR(C18="",D18=""),"",MIN(D18/C18,1.2)), "") | F18: 6 | G18: =IFERROR(E18*F18,"") | H18: =IF(E18="","",IF(E18>=1,"양호",IF(E18>=0.9,"양호",IF(E18>=0.7,"주의","위험"))))
A19: Outcome | B19: TIPS 후보 전환율 | C19: 0.28 | E19: =IFERROR(IF(OR(C19="",D19=""),"",MIN(D19/C19,1.2)), "") | F19: 8 | G19: =IFERROR(E19*F19,"") | H19: =IF(E19="","",IF(E19>=1,"양호",IF(E19>=0.9,"양호",IF(E19>=0.7,"주의","위험"))))
... A21: Outcome | B21: CVC 소개 가능 상태 도달 기업 수 | C21: 2 | E21: =IFERROR(IF(OR(C21="",D21=""),"",MIN(D21/C21,1.2)), "") | F21: 5 | G21: =IFERROR(E21*F21,"") | H21: =IF(E21="","",IF(E21>=1,"양호",IF(E21>=0.9,"양호",IF(E21>=0.7,"주의","위험"))))
A22: 총점 | B22: 환산점수 합계 | G22: =SUM(G8:G21) | H22: =IF(G22>=95,"S",IF(G22>=90,"A",IF(G22>=80,"B",IF(G22>=70,"C","D"))))
A24: 이번 달 가장 잘한 점
A25: 이번 달 가장 부족한 점
A26: 다음 달 보완 우선순위
A27: 리스크 및 지원 요청

Sheet Program_Quarterly
A1: Program Team KPI Evaluation - Quarterly
A2: 반도체·모빌리티 특화 액셀러레이터용 평가표
A4: 팀명 | B4: Program | C4: 평가기간 | D4: 2026-Q1 | E4: 팀장 | G4: 작성자
A5: 검토자
A6: Program 분기 KPI 평가
A7: KPI 구분 | B7: KPI 항목 | C7: 목표 | D7: 실적 | E7: 달성률(%) | F7: 비중 | G7: 환산점수 | H7: 상태 | I7: 코멘트
A8: Process | B8: 액션플랜/멘토링 운영 완결률 | C8: 0.9 | E8: =IFERROR(IF(OR(C8="",D8=""),"",MIN(D8/C8,1.2)), "") | F8: 8 | G8: =IFERROR(E8*F8,"") | H8: =IF(E8="","",IF(E8>=1,"양호",IF(E8>=0.9,"양호",IF(E8>=0.7,"주의","위험"))))
A9: Process | B9: 기술검증 과제 이행률 | C9: 0.8 | E9: =IFERROR(IF(OR(C9="",D9=""),"",MIN(D9/C9,1.2)), "") | F9: 12 | G9: =IFERROR(E9*F9,"") | H9: =IF(E9="","",IF(E9>=1,"양호",IF(E9>=0.9,"양호",IF(E9>=0.7,"주의","위험"))))
A10: Process | B10: TIPS 준비 운영률 | C10: 0.8 | E10: =IFERROR(IF(OR(C10="",D10=""),"",MIN(D10/C10,1.2)), "") | F10: 10 | G10: =IFERROR(E10*F10,"") | H10: =IF(E10="","",IF(E10>=1,"양호",IF(E10>=0.9,"양호",IF(E10>=0.7,"주의","위험"))))
A11: Process | B11: PoC 준비 운영률 | C11: 0.7 | E11: =IFERROR(IF(OR(C11="",D11=""),"",MIN(D11/C11,1.2)), "") | F11: 10 | G11: =IFERROR(E11*F11,"") | H11: =IF(E11="","",IF(E11>=1,"양호",IF(E11>=0.9,"양호",IF(E11>=0.7,"주의","위험"))))
A12: Output | B12: TRL 상승 기업 수 | C12: 5 | E12: =IFERROR(IF(OR(C12="",D12=""),"",MIN(D12/C12,1.2)), "") | F12: 12 | G12: =IFERROR(E12*F12,"") | H12: =IF(E12="","",IF(E12>=1,"양호",IF(E12>=0.9,"양호",IF(E12>=0.7,"주의","위험"))))
A13: Output | B13: TIPS 자료 초안 완료 기업 수 | C13: 5 | E13: =IFERROR(IF(OR(C13="",D13=""),"",MIN(D13/C13,1.2)), "") | F13: 10 | G13: =IFERROR(E13*F13,"") | H13: =IF(E13="","",IF(E13>=1,"양호",IF(E13>=0.9,"양호",IF(E13>=0.7,"주의","위험"))))
A14: Output | B14: PoC 준비완료 기업 수 | C14: 4 | E14: =IFERROR(IF(OR(C14="",D14=""),"",MIN(D14/C14,1.2)), "") | F14: 10 | G14: =IFERROR(E14*F14,"") | H14: =IF(E14="","",IF(E14>=1,"양호",IF(E14>=0.9,"양호",IF(E14>=0.7,"주의","위험"))))
A15: Outcome | B15: TIPS 후보 전환율 | C15: 0.28 | E15: =IFERROR(IF(OR(C15="",D15=""),"",MIN(D15/C15,1.2)), "") | F15: 10 | G15: =IFERROR(E15*F15,"") | H15: =IF(E15="","",IF(E15>=1,"양호",IF(E15>=0.9,"양호",IF(E15>=0.7,"주의","위험"))))
A16: Outcome | B16: PoC 착수 전환율 | C16: 0.45 | E16: =IFERROR(IF(OR(C16="",D16=""),"",MIN(D16/C16,1.2)), "") | F16: 10 | G16: =IFERROR(E16*F16,"") | H16: =IF(E16="","",IF(E16>=1,"양호",IF(E16>=0.9,"양호",IF(E16>=0.7,"주의","위험"))))
A17: Outcome | B17: 후속투자 미팅 발생률 | C17: 0.6 | E17: =IFERROR(IF(OR(C17="",D17=""),"",MIN(D17/C17,1.2)), "") | F17: 8 | G17: =IFERROR(E17*F17,"") | H17: =IF(E17="","",IF(E17>=1,"양호",IF(E17>=0.9,"양호",IF(E17>=0.7,"주의","위험"))))
A18: 총점 | B18: 환산점수 합계 | G18: =SUM(G8:G17) | H18: =IF(G18>=95,"S",IF(G18>=90,"A",IF(G18>=80,"B",IF(G18>=70,"C","D"))))
A20: 핵심 성과
A21: 핵심 미달 항목
A22: 전분기 대비 개선사항
A23: 다음 분기 전략과제
A24: 인사/보상 반영 의견

Sheet OpenInnovation_Monthly
A1: OpenInnovation Team KPI Evaluation - Monthly
A2: 반도체·모빌리티 특화 액셀러레이터용 평가표
A4: 팀명 | B4: OpenInnovation | C4: 평가기간 | D4: 2026-01 | E4: 팀장 | G4: 작성자
A5: 검토자
A6: OpenInnovation 월간 KPI 평가
A7: KPI 구분 | B7: KPI 항목 | C7: 목표 | D7: 실적 | E7: 달성률(%) | F7: 비중 | G7: 환산점수 | H7: 상태 | I7: 코멘트
A8: Input | B8: 신규 파트너 수 | C8: 2 | E8: =IFERROR(IF(OR(C8="",D8=""),"",MIN(D8/C8,1.2)), "") | F8: 6 | G8: =IFERROR(E8*F8,"") | H8: =IF(E8="","",IF(E8>=1,"양호",IF(E8>=0.9,"양호",IF(E8>=0.7,"주의","위험"))))
A9: Input | B9: 수요과제 발굴 수 | C9: 4 | E9: =IFERROR(IF(OR(C9="",D9=""),"",MIN(D9/C9,1.2)), "") | F9: 8 | G9: =IFERROR(E9*F9,"") | H9: =IF(E9="","",IF(E9>=1,"양호",IF(E9>=0.9,"양호",IF(E9>=0.7,"주의","위험"))))
A10: Process | B10: 매칭 제안 건수 | C10: 4 | E10: =IFERROR(IF(OR(C10="",D10=""),"",MIN(D10/C10,1.2)), "") | F10: 6 | G10: =IFERROR(E10*F10,"") | H10: =IF(E10="","",IF(E10>=1,"양호",IF(E10>=0.9,"양호",IF(E10>=0.7,"주의","위험"))))
A11: Process | B11: PoC 설계 완료율 | C11: 0.8 | E11: =IFERROR(IF(OR(C11="",D11=""),"",MIN(D11/C11,1.2)), "") | F11: 8 | G11: =IFERROR(E11*F11,"") | H11: =IF(E11="","",IF(E11>=1,"양호",IF(E11>=0.9,"양호",IF(E11>=0.7,"주의","위험"))))
A12: Process | B12: 현업부서 연결률 | C12: 0.7 | E12: =IFERROR(IF(OR(C12="",D12=""),"",MIN(D12/C12,1.2)), "") | F12: 8 | G12: =IFERROR(E12*F12,"") | H12: =IF(E12="","",IF(E12>=1,"양호",IF(E12>=0.9,"양호",IF(E12>=0.7,"주의","위험"))))
A13: Process | B13: NDA/실증조건 정리율 | C13: 1 | E13: =IFERROR(IF(OR(C13="",D13=""),"",MIN(D13/C13,1.2)), "") | F13: 4 | G13: =IFERROR(E13*F13,"") | H13: =IF(E13="","",IF(E13>=1,"양호",IF(E13>=0.9,"양호",IF(E13>=0.7,"주의","위험"))))
A14: Output | B14: PoC 착수 건수 | C14: 2 | E14: =IFERROR(IF(OR(C14="",D14=""),"",MIN(D14/C14,1.2)), "") | F14: 12 | G14: =IFERROR(E14*F14,"") | H14: =IF(E14="","",IF(E14>=1,"양호",IF(E14>=0.9,"양호",IF(E14>=0.7,"주의","위험"))))
A15: Output | B15: 반도체 샘플테스트 착수 건수 | C15: 1 | E15: =IFERROR(IF(OR(C15="",D15=""),"",MIN(D15/C15,1.2)), "") | F15: 8 | G15: =IFERROR(E15*F15,"") | H15: =IF(E15="","",IF(E15>=1,"양호",IF(E15>=0.9,"양호",IF(E15>=0.7,"주의","위험"))))
A16: Output | B16: 모빌리티 실증 진입 건수 | C16: 1 | E16: =IFERROR(IF(OR(C16="",D16=""),"",MIN(D16/C16,1.2)), "") | F16: 8 | G16: =IFERROR(E16*F16,"") | H16: =IF(E16="","",IF(E16>=1,"양호",IF(E16>=0.9,"양호",IF(E16>=0.7,"주의","위험"))))
A17: Output | B17: CVC 미팅 연결 건수 | C17: 1 | E17: =IFERROR(IF(OR(C17="",D17=""),"",MIN(D17/C17,1.2)), "") | F17: 6 | G17: =IFERROR(E17*F17,"") | H17: =IF(E17="","",IF(E17>=1,"양호",IF(E17>=0.9,"양호",IF(E17>=0.7,"주의","위험"))))
A18: Outcome | B18: PoC 완료율 | C18: 0.8 | E18: =IFERROR(IF(OR(C18="",D18=""),"",MIN(D18/C18,1.2)), "") | F18: 6 | G18: =IFERROR(E18*F18,"") | H18: =IF(E18="","",IF(E18>=1,"양호",IF(E18>=0.9,"양호",IF(E18>=0.7,"주의","위험"))))
A19: Outcome | B19: 상용/공동개발 전환율 | C19: 0.28 | E19: =IFERROR(IF(OR(C19="",D19=""),"",MIN(D19/C19,1.2)), "") | F19: 10 | G19: =IFERROR(E19*F19,"") | H19: =IF(E19="","",IF(E19>=1,"양호",IF(E19>=0.9,"양호",IF(E19>=0.7,"주의","위험"))))
... A21: Outcome | B21: 파트너 재참여율 | C21: 0.5 | E21: =IFERROR(IF(OR(C21="",D21=""),"",MIN(D21/C21,1.2)), "") | F21: 6 | G21: =IFERROR(E21*F21,"") | H21: =IF(E21="","",IF(E21>=1,"양호",IF(E21>=0.9,"양호",IF(E21>=0.7,"주의","위험"))))
A22: 총점 | B22: 환산점수 합계 | G22: =SUM(G8:G21) | H22: =IF(G22>=95,"S",IF(G22>=90,"A",IF(G22>=80,"B",IF(G22>=70,"C","D"))))
A24: 이번 달 가장 잘한 점
A25: 이번 달 가장 부족한 점
A26: 다음 달 보완 우선순위
A27: 리스크 및 지원 요청

Sheet OpenInnovation_Quarterly
A1: OpenInnovation Team KPI Evaluation - Quarterly
A2: 반도체·모빌리티 특화 액셀러레이터용 평가표
A4: 팀명 | B4: OpenInnovation | C4: 평가기간 | D4: 2026-Q1 | E4: 팀장 | G4: 작성자
A5: 검토자
A6: OpenInnovation 분기 KPI 평가
A7: KPI 구분 | B7: KPI 항목 | C7: 목표 | D7: 실적 | E7: 달성률(%) | F7: 비중 | G7: 환산점수 | H7: 상태 | I7: 코멘트
A8: Input | B8: 신규 파트너 수 | C8: 5 | E8: =IFERROR(IF(OR(C8="",D8=""),"",MIN(D8/C8,1.2)), "") | F8: 8 | G8: =IFERROR(E8*F8,"") | H8: =IF(E8="","",IF(E8>=1,"양호",IF(E8>=0.9,"양호",IF(E8>=0.7,"주의","위험"))))
A9: Input | B9: 수요과제 발굴 수 | C9: 10 | E9: =IFERROR(IF(OR(C9="",D9=""),"",MIN(D9/C9,1.2)), "") | F9: 10 | G9: =IFERROR(E9*F9,"") | H9: =IF(E9="","",IF(E9>=1,"양호",IF(E9>=0.9,"양호",IF(E9>=0.7,"주의","위험"))))
A10: Process | B10: PoC 설계 완료율 | C10: 0.8 | E10: =IFERROR(IF(OR(C10="",D10=""),"",MIN(D10/C10,1.2)), "") | F10: 10 | G10: =IFERROR(E10*F10,"") | H10: =IF(E10="","",IF(E10>=1,"양호",IF(E10>=0.9,"양호",IF(E10>=0.7,"주의","위험"))))
A11: Process | B11: 현업부서 연결률 | C11: 0.7 | E11: =IFERROR(IF(OR(C11="",D11=""),"",MIN(D11/C11,1.2)), "") | F11: 10 | G11: =IFERROR(E11*F11,"") | H11: =IF(E11="","",IF(E11>=1,"양호",IF(E11>=0.9,"양호",IF(E11>=0.7,"주의","위험"))))
A12: Output | B12: PoC 착수 건수 | C12: 5 | E12: =IFERROR(IF(OR(C12="",D12=""),"",MIN(D12/C12,1.2)), "") | F12: 15 | G12: =IFERROR(E12*F12,"") | H12: =IF(E12="","",IF(E12>=1,"양호",IF(E12>=0.9,"양호",IF(E12>=0.7,"주의","위험"))))
A13: Output | B13: 반도체 샘플테스트 착수 건수 | C13: 3 | E13: =IFERROR(IF(OR(C13="",D13=""),"",MIN(D13/C13,1.2)), "") | F13: 8 | G13: =IFERROR(E13*F13,"") | H13: =IF(E13="","",IF(E13>=1,"양호",IF(E13>=0.9,"양호",IF(E13>=0.7,"주의","위험"))))
A14: Output | B14: 모빌리티 실증 진입 건수 | C14: 3 | E14: =IFERROR(IF(OR(C14="",D14=""),"",MIN(D14/C14,1.2)), "") | F14: 8 | G14: =IFERROR(E14*F14,"") | H14: =IF(E14="","",IF(E14>=1,"양호",IF(E14>=0.9,"양호",IF(E14>=0.7,"주의","위험"))))
A15: Output | B15: CVC 미팅 연결 건수 | C15: 3 | E15: =IFERROR(IF(OR(C15="",D15=""),"",MIN(D15/C15,1.2)), "") | F15: 8 | G15: =IFERROR(E15*F15,"") | H15: =IF(E15="","",IF(E15>=1,"양호",IF(E15>=0.9,"양호",IF(E15>=0.7,"주의","위험"))))
A16: Outcome | B16: 상용/공동개발 전환율 | C16: 0.28 | E16: =IFERROR(IF(OR(C16="",D16=""),"",MIN(D16/C16,1.2)), "") | F16: 12 | G16: =IFERROR(E16*F16,"") | H16: =IF(E16="","",IF(E16>=1,"양호",IF(E16>=0.9,"양호",IF(E16>=0.7,"주의","위험"))))
A17: Outcome | B17: 전략적 투자 검토 성사율 | C17: 0.35 | E17: =IFERROR(IF(OR(C17="",D17=""),"",MIN(D17/C17,1.2)), "") | F17: 9 | G17: =IFERROR(E17*F17,"") | H17: =IF(E17="","",IF(E17>=1,"양호",IF(E17>=0.9,"양호",IF(E17>=0.7,"주의","위험"))))
A18: Outcome | B18: 파트너 재참여율 | C18: 0.5 | E18: =IFERROR(IF(OR(C18="",D18=""),"",MIN(D18/C18,1.2)), "") | F18: 10 | G18: =IFERROR(E18*F18,"") | H18: =IF(E18="","",IF(E18>=1,"양호",IF(E18>=0.9,"양호",IF(E18>=0.7,"주의","위험"))))
A19: 총점 | B19: 환산점수 합계 | G19: =SUM(G8:G18) | H19: =IF(G19>=95,"S",IF(G19>=90,"A",IF(G19>=80,"B",IF(G19>=70,"C","D"))))
A21: 핵심 성과
A22: 핵심 미달 항목
A23: 전분기 대비 개선사항
A24: 다음 분기 전략과제
A25: 인사/보상 반영 의견

Sheet Operations_Monthly
A1: Operations Team KPI Evaluation - Monthly
A2: 반도체·모빌리티 특화 액셀러레이터용 평가표
A4: 팀명 | B4: Operations | C4: 평가기간 | D4: 2026-01 | E4: 팀장 | G4: 작성자
A5: 검토자
A6: Operations 월간 KPI 평가
A7: KPI 구분 | B7: KPI 항목 | C7: 목표 | D7: 실적 | E7: 달성률(%) | F7: 비중 | G7: 환산점수 | H7: 상태 | I7: 코멘트
A8: Process | B8: 계약 처리 리드타임 | C8: 10 | E8: =IFERROR(IF(OR(C8="",D8=""),"",MIN(D8/C8,1.2)), "") | F8: 10 | G8: =IFERROR(E8*F8,"") | H8: =IF(E8="","",IF(E8>=1,"양호",IF(E8>=0.9,"양호",IF(E8>=0.7,"주의","위험"))))
A9: Process | B9: 투자집행 정시율 | C9: 1 | E9: =IFERROR(IF(OR(C9="",D9=""),"",MIN(D9/C9,1.2)), "") | F9: 8 | G9: =IFERROR(E9*F9,"") | H9: =IF(E9="","",IF(E9>=1,"양호",IF(E9>=0.9,"양호",IF(E9>=0.7,"주의","위험"))))
A10: Process | B10: NDA/PoC 문서 정리율 | C10: 1 | E10: =IFERROR(IF(OR(C10="",D10=""),"",MIN(D10/C10,1.2)), "") | F10: 8 | G10: =IFERROR(E10*F10,"") | H10: =IF(E10="","",IF(E10>=1,"양호",IF(E10>=0.9,"양호",IF(E10>=0.7,"주의","위험"))))
A11: Process | B11: cap table 업데이트 적시율 | C11: 1 | E11: =IFERROR(IF(OR(C11="",D11=""),"",MIN(D11/C11,1.2)), "") | F11: 6 | G11: =IFERROR(E11*F11,"") | H11: =IF(E11="","",IF(E11>=1,"양호",IF(E11>=0.9,"양호",IF(E11>=0.7,"주의","위험"))))
A12: Process | B12: TIPS 관련 문서 지원 적시율 | C12: 1 | E12: =IFERROR(IF(OR(C12="",D12=""),"",MIN(D12/C12,1.2)), "") | F12: 8 | G12: =IFERROR(E12*F12,"") | H12: =IF(E12="","",IF(E12>=1,"양호",IF(E12>=0.9,"양호",IF(E12>=0.7,"주의","위험"))))
A13: Output | B13: 보고기한 준수율 | C13: 1 | E13: =IFERROR(IF(OR(C13="",D13=""),"",MIN(D13/C13,1.2)), "") | F13: 10 | G13: =IFERROR(E13*F13,"") | H13: =IF(E13="","",IF(E13>=1,"양호",IF(E13>=0.9,"양호",IF(E13>=0.7,"주의","위험"))))
A14: Output | B14: 문서보관 완결률 | C14: 1 | E14: =IFERROR(IF(OR(C14="",D14=""),"",MIN(D14/C14,1.2)), "") | F14: 10 | G14: =IFERROR(E14*F14,"") | H14: =IF(E14="","",IF(E14>=1,"양호",IF(E14>=0.9,"양호",IF(E14>=0.7,"주의","위험"))))
A15: Output | B15: CVC/NDA/실증계약 정리 건수 | C15: 1 | E15: =IFERROR(IF(OR(C15="",D15=""),"",MIN(D15/C15,1.2)), "") | F15: 8 | G15: =IFERROR(E15*F15,"") | H15: =IF(E15="","",IF(E15>=1,"양호",IF(E15>=0.9,"양호",IF(E15>=0.7,"주의","위험"))))
A16: Outcome | B16: 문서 오류 건수 | C16: 0 | E16: =IFERROR(IF(OR(C16="",D16=""),"",MIN(D16/C16,1.2)), "") | F16: 10 | G16: =IFERROR(E16*F16,"") | H16: =IF(E16="","",IF(E16>=1,"양호",IF(E16>=0.9,"양호",IF(E16>=0.7,"주의","위험"))))
A17: Outcome | B17: 감사 지적 건수 | C17: 0 | E17: =IFERROR(IF(OR(C17="",D17=""),"",MIN(D17/C17,1.2)), "") | F17: 8 | G17: =IFERROR(E17*F17,"") | H17: =IF(E17="","",IF(E17>=1,"양호",IF(E17>=0.9,"양호",IF(E17>=0.7,"주의","위험"))))
A18: Outcome | B18: 보안사고 건수 | C18: 0 | E18: =IFERROR(IF(OR(C18="",D18=""),"",MIN(D18/C18,1.2)), "") | F18: 8 | G18: =IFERROR(E18*F18,"") | H18: =IF(E18="","",IF(E18>=1,"양호",IF(E18>=0.9,"양호",IF(E18>=0.7,"주의","위험"))))
A19: Outcome | B19: TIPS/실증 행정 지원 만족도 | C19: 4.5 | E19: =IFERROR(IF(OR(C19="",D19=""),"",MIN(D19/C19,1.2)), "") | F19: 6 | G19: =IFERROR(E19*F19,"") | H19: =IF(E19="","",IF(E19>=1,"양호",IF(E19>=0.9,"양호",IF(E19>=0.7,"주의","위험"))))
A20: 총점 | B20: 환산점수 합계 | G20: =SUM(G8:G19) | H20: =IF(G20>=95,"S",IF(G20>=90,"A",IF(G20>=80,"B",IF(G20>=70,"C","D"))))
A22: 이번 달 가장 잘한 점
A23: 이번 달 가장 부족한 점
A24: 다음 달 보완 우선순위
A25: 리스크 및 지원 요청

Sheet Operations_Quarterly
A1: Operations Team KPI Evaluation - Quarterly
A2: 반도체·모빌리티 특화 액셀러레이터용 평가표
A4: 팀명 | B4: Operations | C4: 평가기간 | D4: 2026-Q1 | E4: 팀장 | G4: 작성자
A5: 검토자
A6: Operations 분기 KPI 평가
A7: KPI 구분 | B7: KPI 항목 | C7: 목표 | D7: 실적 | E7: 달성률(%) | F7: 비중 | G7: 환산점수 | H7: 상태 | I7: 코멘트
A8: Process | B8: 계약 처리 리드타임 | C8: 10 | E8: =IFERROR(IF(OR(C8="",D8=""),"",MIN(D8/C8,1.2)), "") | F8: 12 | G8: =IFERROR(E8*F8,"") | H8: =IF(E8="","",IF(E8>=1,"양호",IF(E8>=0.9,"양호",IF(E8>=0.7,"주의","위험"))))
A9: Process | B9: 투자집행 정시율 | C9: 1 | E9: =IFERROR(IF(OR(C9="",D9=""),"",MIN(D9/C9,1.2)), "") | F9: 12 | G9: =IFERROR(E9*F9,"") | H9: =IF(E9="","",IF(E9>=1,"양호",IF(E9>=0.9,"양호",IF(E9>=0.7,"주의","위험"))))
A10: Process | B10: NDA/PoC 문서 정리율 | C10: 1 | E10: =IFERROR(IF(OR(C10="",D10=""),"",MIN(D10/C10,1.2)), "") | F10: 10 | G10: =IFERROR(E10*F10,"") | H10: =IF(E10="","",IF(E10>=1,"양호",IF(E10>=0.9,"양호",IF(E10>=0.7,"주의","위험"))))
A11: Process | B11: TIPS 문서 지원 적시율 | C11: 1 | E11: =IFERROR(IF(OR(C11="",D11=""),"",MIN(D11/C11,1.2)), "") | F11: 10 | G11: =IFERROR(E11*F11,"") | H11: =IF(E11="","",IF(E11>=1,"양호",IF(E11>=0.9,"양호",IF(E11>=0.7,"주의","위험"))))
A12: Output | B12: 보고기한 준수율 | C12: 1 | E12: =IFERROR(IF(OR(C12="",D12=""),"",MIN(D12/C12,1.2)), "") | F12: 12 | G12: =IFERROR(E12*F12,"") | H12: =IF(E12="","",IF(E12>=1,"양호",IF(E12>=0.9,"양호",IF(E12>=0.7,"주의","위험"))))
A13: Output | B13: 문서보관 완결률 | C13: 1 | E13: =IFERROR(IF(OR(C13="",D13=""),"",MIN(D13/C13,1.2)), "") | F13: 10 | G13: =IFERROR(E13*F13,"") | H13: =IF(E13="","",IF(E13>=1,"양호",IF(E13>=0.9,"양호",IF(E13>=0.7,"주의","위험"))))
A14: Outcome | B14: 문서 오류 건수 | C14: 0 | E14: =IFERROR(IF(OR(C14="",D14=""),"",MIN(D14/C14,1.2)), "") | F14: 10 | G14: =IFERROR(E14*F14,"") | H14: =IF(E14="","",IF(E14>=1,"양호",IF(E14>=0.9,"양호",IF(E14>=0.7,"주의","위험"))))
A15: Outcome | B15: 감사 지적 건수 | C15: 0 | E15: =IFERROR(IF(OR(C15="",D15=""),"",MIN(D15/C15,1.2)), "") | F15: 10 | G15: =IFERROR(E15*F15,"") | H15: =IF(E15="","",IF(E15>=1,"양호",IF(E15>=0.9,"양호",IF(E15>=0.7,"주의","위험"))))
A16: Outcome | B16: 보안사고 건수 | C16: 0 | E16: =IFERROR(IF(OR(C16="",D16=""),"",MIN(D16/C16,1.2)), "") | F16: 8 | G16: =IFERROR(E16*F16,"") | H16: =IF(E16="","",IF(E16>=1,"양호",IF(E16>=0.9,"양호",IF(E16>=0.7,"주의","위험"))))
A17: Outcome | B17: 딥테크 행정 지원 만족도 | C17: 4.5 | E17: =IFERROR(IF(OR(C17="",D17=""),"",MIN(D17/C17,1.2)), "") | F17: 6 | G17: =IFERROR(E17*F17,"") | H17: =IF(E17="","",IF(E17>=1,"양호",IF(E17>=0.9,"양호",IF(E17>=0.7,"주의","위험"))))
A18: 총점 | B18: 환산점수 합계 | G18: =SUM(G8:G17) | H18: =IF(G18>=95,"S",IF(G18>=90,"A",IF(G18>=80,"B",IF(G18>=70,"C","D"))))
A20: 핵심 성과
A21: 핵심 미달 항목
A22: 전분기 대비 개선사항
A23: 다음 분기 전략과제
A24: 인사/보상 반영 의견

Sheet Link_Monthly
A1: Link KPI Evaluation - Monthly
A2: 팀 간 전환 KPI 평가표
A4: 평가기간 | B4: 2026-01 | C4: 작성자 | E4: 검토자
A5: 팀 간 월간 전환 KPI
A6: KPI 구분 | B6: KPI 항목 | C6: 목표 | D6: 실적 | E6: 달성률(%) | F6: 비중 | G6: 환산점수 | H6: 상태 | I6: 코멘트
A7: Sourcing → 심사 | B7: 전략산업 딜 심사 전환율 | C7: 0.7 | E7: =IFERROR(IF(OR(C7="",D7=""),"",MIN(D7/C7,1.2)), "") | F7: 10 | G7: =IFERROR(E7*F7,"") | H7: =IF(E7="","",IF(E7>=1,"양호",IF(E7>=0.9,"양호",IF(E7>=0.7,"주의","위험"))))
A8: 심사 → 투자 | B8: 기술검증 완료 후 투자집행율 | C8: 0.6 | E8: =IFERROR(IF(OR(C8="",D8=""),"",MIN(D8/C8,1.2)), "") | F8: 12 | G8: =IFERROR(E8*F8,"") | H8: =IF(E8="","",IF(E8>=1,"양호",IF(E8>=0.9,"양호",IF(E8>=0.7,"주의","위험"))))
A9: 심사 → 보육 | B9: TIPS 후보 이관율 | C9: 0.28 | E9: =IFERROR(IF(OR(C9="",D9=""),"",MIN(D9/C9,1.2)), "") | F9: 10 | G9: =IFERROR(E9*F9,"") | H9: =IF(E9="","",IF(E9>=1,"양호",IF(E9>=0.9,"양호",IF(E9>=0.7,"주의","위험"))))
A10: 보육 → TRL | B10: TRL 상승 전환율 | C10: 0.35 | E10: =IFERROR(IF(OR(C10="",D10=""),"",MIN(D10/C10,1.2)), "") | F10: 10 | G10: =IFERROR(E10*F10,"") | H10: =IF(E10="","",IF(E10>=1,"양호",IF(E10>=0.9,"양호",IF(E10>=0.7,"주의","위험"))))
A11: 보육 → PoC | B11: PoC 준비완료율 | C11: 0.45 | E11: =IFERROR(IF(OR(C11="",D11=""),"",MIN(D11/C11,1.2)), "") | F11: 12 | G11: =IFERROR(E11*F11,"") | H11: =IF(E11="","",IF(E11>=1,"양호",IF(E11>=0.9,"양호",IF(E11>=0.7,"주의","위험"))))
A12: 보육 → TIPS | B12: 추천 준비 완료율 | C12: 0.25 | E12: =IFERROR(IF(OR(C12="",D12=""),"",MIN(D12/C12,1.2)), "") | F12: 10 | G12: =IFERROR(E12*F12,"") | H12: =IF(E12="","",IF(E12>=1,"양호",IF(E12>=0.9,"양호",IF(E12>=0.7,"주의","위험"))))
A13: OI → PoC | B13: PoC 착수율 | C13: 0.45 | E13: =IFERROR(IF(OR(C13="",D13=""),"",MIN(D13/C13,1.2)), "") | F13: 12 | G13: =IFERROR(E13*F13,"") | H13: =IF(E13="","",IF(E13>=1,"양호",IF(E13>=0.9,"양호",IF(E13>=0.7,"주의","위험"))))
A14: OI → 계약 | B14: 상용/공동개발 전환율 | C14: 0.28 | E14: =IFERROR(IF(OR(C14="",D14=""),"",MIN(D14/C14,1.2)), "") | F14: 12 | G14: =IFERROR(E14*F14,"") | H14: =IF(E14="","",IF(E14>=1,"양호",IF(E14>=0.9,"양호",IF(E14>=0.7,"주의","위험"))))
A15: OI → CVC | B15: CVC 미팅 성사율 | C15: 0.35 | E15: =IFERROR(IF(OR(C15="",D15=""),"",MIN(D15/C15,1.2)), "") | F15: 12 | G15: =IFERROR(E15*F15,"") | H15: =IF(E15="","",IF(E15>=1,"양호",IF(E15>=0.9,"양호",IF(E15>=0.7,"주의","위험"))))
A16: 총점 | B16: 환산점수 합계 | G16: =SUM(G7:G15) | H16: =IF(G16>=95,"S",IF(G16>=90,"A",IF(G16>=80,"B",IF(G16>=70,"C","D"))))
A18: 이번 달 가장 잘한 점
A19: 이번 달 가장 부족한 점
A20: 다음 달 보완 우선순위
A21: 리스크 및 지원 요청

Sheet Link_Quarterly
A1: Link KPI Evaluation - Quarterly
A2: 팀 간 전환 KPI 평가표
A4: 평가기간 | B4: 2026-Q1 | C4: 작성자 | E4: 검토자
A5: 팀 간 분기 전환 KPI
A6: KPI 구분 | B6: KPI 항목 | C6: 목표 | D6: 실적 | E6: 달성률(%) | F6: 비중 | G6: 환산점수 | H6: 상태 | I6: 코멘트
A7: Sourcing → 심사 | B7: 전략산업 심사 전환율 | C7: 0.7 | E7: =IFERROR(IF(OR(C7="",D7=""),"",MIN(D7/C7,1.2)), "") | F7: 10 | G7: =IFERROR(E7*F7,"") | H7: =IF(E7="","",IF(E7>=1,"양호",IF(E7>=0.9,"양호",IF(E7>=0.7,"주의","위험"))))
A8: 심사 → 투자 | B8: 기술검증 후 투자집행율 | C8: 0.6 | E8: =IFERROR(IF(OR(C8="",D8=""),"",MIN(D8/C8,1.2)), "") | F8: 12 | G8: =IFERROR(E8*F8,"") | H8: =IF(E8="","",IF(E8>=1,"양호",IF(E8>=0.9,"양호",IF(E8>=0.7,"주의","위험"))))
A9: 심사 → 보육 | B9: TIPS 후보 이관율 | C9: 0.28 | E9: =IFERROR(IF(OR(C9="",D9=""),"",MIN(D9/C9,1.2)), "") | F9: 10 | G9: =IFERROR(E9*F9,"") | H9: =IF(E9="","",IF(E9>=1,"양호",IF(E9>=0.9,"양호",IF(E9>=0.7,"주의","위험"))))
A10: 보육 → TRL | B10: TRL 상승 전환율 | C10: 0.35 | E10: =IFERROR(IF(OR(C10="",D10=""),"",MIN(D10/C10,1.2)), "") | F10: 10 | G10: =IFERROR(E10*F10,"") | H10: =IF(E10="","",IF(E10>=1,"양호",IF(E10>=0.9,"양호",IF(E10>=0.7,"주의","위험"))))
A11: 보육 → PoC | B11: PoC 준비완료율 | C11: 0.45 | E11: =IFERROR(IF(OR(C11="",D11=""),"",MIN(D11/C11,1.2)), "") | F11: 12 | G11: =IFERROR(E11*F11,"") | H11: =IF(E11="","",IF(E11>=1,"양호",IF(E11>=0.9,"양호",IF(E11>=0.7,"주의","위험"))))
A12: 보육 → TIPS | B12: 추천 준비 완료율 | C12: 0.25 | E12: =IFERROR(IF(OR(C12="",D12=""),"",MIN(D12/C12,1.2)), "") | F12: 10 | G12: =IFERROR(E12*F12,"") | H12: =IF(E12="","",IF(E12>=1,"양호",IF(E12>=0.9,"양호",IF(E12>=0.7,"주의","위험"))))
A13: OI → PoC | B13: PoC 착수율 | C13: 0.45 | E13: =IFERROR(IF(OR(C13="",D13=""),"",MIN(D13/C13,1.2)), "") | F13: 12 | G13: =IFERROR(E13*F13,"") | H13: =IF(E13="","",IF(E13>=1,"양호",IF(E13>=0.9,"양호",IF(E13>=0.7,"주의","위험"))))
A14: OI → 계약 | B14: 전환율 | C14: 0.28 | E14: =IFERROR(IF(OR(C14="",D14=""),"",MIN(D14/C14,1.2)), "") | F14: 12 | G14: =IFERROR(E14*F14,"") | H14: =IF(E14="","",IF(E14>=1,"양호",IF(E14>=0.9,"양호",IF(E14>=0.7,"주의","위험"))))
A15: OI → CVC | B15: 미팅 성사율 | C15: 0.35 | E15: =IFERROR(IF(OR(C15="",D15=""),"",MIN(D15/C15,1.2)), "") | F15: 12 | G15: =IFERROR(E15*F15,"") | H15: =IF(E15="","",IF(E15>=1,"양호",IF(E15>=0.9,"양호",IF(E15>=0.7,"주의","위험"))))
A16: 총점 | B16: 환산점수 합계 | G16: =SUM(G7:G15) | H16: =IF(G16>=95,"S",IF(G16>=90,"A",IF(G16>=80,"B",IF(G16>=70,"C","D"))))
A18: 핵심 성과
A19: 핵심 미달 항목
A20: 전분기 대비 개선사항
A21: 다음 분기 전략과제
A22: 인사/보상 반영 의견

Sheet Summary
A1: KPI Summary Dashboard
A2: 팀별 총점과 등급을 한눈에 보는 상위 요약표
A4: 월간 요약 | F4: 분기 요약
A5: 팀 | B5: 시트 | C5: 총점 | D5: 등급 | F5: 팀 | G5: 시트 | H5: 총점 | I5: 등급
A6: Sourcing | B6: Sourcing_Monthly | C6: ='Sourcing_Monthly'!G21 | D6: ='Sourcing_Monthly'!H21 | F6: Sourcing | G6: Sourcing_Quarterly | H6: ='Sourcing_Quarterly'!G17 | I6: ='Sourcing_Quarterly'!H17
A7: Investment | B7: Investment_Monthly | C7: ='Investment_Monthly'!G23 | D7: ='Investment_Monthly'!H23 | F7: Investment | G7: Investment_Quarterly | H7: ='Investment_Quarterly'!G20 | I7: ='Investment_Quarterly'!H20
A8: Program | B8: Program_Monthly | C8: ='Program_Monthly'!G22 | D8: ='Program_Monthly'!H22 | F8: Program | G8: Program_Quarterly | H8: ='Program_Quarterly'!G18 | I8: ='Program_Quarterly'!H18
A9: OpenInnovation | B9: OpenInnovation_Monthly | C9: ='OpenInnovation_Monthly'!G22 | D9: ='OpenInnovation_Monthly'!H22 | F9: OpenInnovation | G9: OpenInnovation_Quarterly | H9: ='OpenInnovation_Quarterly'!G19 | I9: ='OpenInnovation_Quarterly'!H19
A10: Operations | B10: Operations_Monthly | C10: ='Operations_Monthly'!G20 | D10: ='Operations_Monthly'!H20 | F10: Operations | G10: Operations_Quarterly | H10: ='Operations_Quarterly'!G18 | I10: ='Operations_Quarterly'!H18
A11: Link | B11: Link_Monthly | C11: ='Link_Monthly'!G16 | D11: ='Link_Monthly'!H16 | F11: Link | G11: Link_Quarterly | H11: ='Link_Quarterly'!G16 | I11: ='Link_Quarterly'!H16
A15: 대표용 메모
