Workbook

Sheet ReadMe
A1: 딥테크 투자심사 점수평가표 - TIPS/CVC 확장판
A3: 구성
A4: 1. Semiconductor_Extended : 반도체 기업용 확장 점수평가표
A5: 2. Mobility_Extended : 모빌리티 기업용 확장 점수평가표
A6: 3. Adjustment : 딥테크 보정평가표
A7: 4. 모든 점수는 1~5 입력, 환산점수·총점·권고안 자동 계산
A8: 5. TIPS 적합성 및 CVC 매칭 가능성 항목이 추가된 버전
A11: 점수 기준
A12: 5점 매우 우수
A13: 4점 우수
A14: 3점 보통
A15: 2점 미흡
... A23: 54점 이하 부적합

Sheet Semiconductor_Extended
A1: 반도체 투자심사 점수평가표 - TIPS/CVC 확장판
A3: 기본정보
A4: 기업명 | E4: 총점 | F4: =SUM(E16:E31)
A5: 대표자 | E5: 권고안 | F5: =IF(F4>=85,"적극 투자검토",IF(F4>=70,"조건부 투자검토",IF(F4>=55,"PoC/보육 우선","부적합")))
A6: 검토일 | E6: TIPS 평균점수 | F6: =ROUND(AVERAGE(D29:D30),1)
A7: 심사역 | E7: CVC 평균점수 | F7: =ROUND(AVERAGE(D27:D28),1)
A8: 기술 분야 | B8: 반도체
A9: 단계 | B9: Pre-seed / Seed / Series A-
A10: 검토 목적 | B10: 투자심사 / IC 상정 전 검토
A14: 점수평가표
A15: 평가영역 | B15: 세부항목 | C15: 배점 | D15: 점수(1~5) | E15: 환산점수 | F15: 평가코멘트
A16: 기술성 | B16: 핵심기술 차별성 | C16: 8 | E16: =IF(D16="",0,D16/5*C16)
A17: 기술성 | B17: 성능 검증 수준 | C17: 8 | E17: =IF(D17="",0,D17/5*C17)
A18: 기술성 | B18: 재현성/반복성 | C18: 6 | E18: =IF(D18="",0,D18/5*C18)
A19: 공정 적합성 | B19: 공정 적용 가능성 | C19: 9 | E19: =IF(D19="",0,D19/5*C19)
A20: 공정 적합성 | B20: 고객 도입 난이도 | C20: 7 | E20: =IF(D20="",0,D20/5*C20)
A21: 양산성 | B21: 수율/스케일업 가능성 | C21: 9 | E21: =IF(D21="",0,D21/5*C21)
A22: 양산성 | B22: 원가 및 생산성 | C22: 6 | E22: =IF(D22="",0,D22/5*C22)
A23: 신뢰성 | B23: 품질/신뢰성 수준 | C23: 7 | E23: =IF(D23="",0,D23/5*C23)
A24: IP | B24: 특허/진입장벽 | C24: 6 | E24: =IF(D24="",0,D24/5*C24)
A25: 시장성 | B25: 고객명확성/시장성 | C25: 6 | E25: =IF(D25="",0,D25/5*C25)
A26: 사업화 | B26: 샘플→매출 전환 경로 | C26: 6 | E26: =IF(D26="",0,D26/5*C26)
A27: 전략성 | B27: CVC 전략 적합성 | C27: 5 | E27: =IF(D27="",0,D27/5*C27)
... A31: 팀 | B31: 창업팀 전문성 및 실행력 | C31: 5 | E31: =IF(D31="",0,D31/5*C31)
A32: 총점 | E32: =SUM(E16:E31)
A34: 총평
A35: 강점
A36: 핵심 리스크
A37: 필수 보완과제
A38: IC 상정 권고 여부

Sheet IC_Summary_Semiconductor
A7: Semiconductor / IC 제출용 1페이지 요약
A9: 1. 기본정보
A10: 기업명 | B10: ='Semiconductor_Extended'!B4 | E10: 대표자 | F10: ='Semiconductor_Extended'!B5 | I10: 검토일 | J10: ='Semiconductor_Extended'!B6
A11: 심사역 | B11: ='Semiconductor_Extended'!B7 | E11: 기술 분야 | F11: ='Semiconductor_Extended'!B8 | I11: 단계 | J11: ='Semiconductor_Extended'!B9
A12: 검토 목적 | B12: ='Semiconductor_Extended'!B10 | E12: 총점 | F12: ='Semiconductor_Extended'!F4 | I12: 권고안 | J12: ='Semiconductor_Extended'!F5
A14: 2. 핵심 지표
A15: 총점 | D15: 권고안 | G15: TIPS 평균점수 | J15: CVC 평균점수
A16: ='Semiconductor_Extended'!F4 | D16: ='Semiconductor_Extended'!F5 | G16: ='Semiconductor_Extended'!F6 | J16: ='Semiconductor_Extended'!F7
A19: 3. 상위 강점 | E19: 4. 핵심 리스크 | I19: 5. IC 액션 포인트
A20: • 핵심기술 차별성 • 사업화 경로 • 팀 실행력 | E20: • 기술/성능 불확실성 • 양산/실증 지연 • 규제/고객 도입 리스크 | I20: • 즉시 투자 • 조건부 투자 • PoC 우선 • 보육 우선
A26: 6. 항목별 점수 요약
A27: 평가영역 | B27: 배점 | C27: 입력점수 | D27: 환산점수 | F27: 판정 기준 • 85점 이상: 적극 투자검토 • 70~84점: 조건부 투자검토 • 55~69점: PoC/보육 우선 • 54점 이하: 부적합 제출 권장 묶음: 점수평가표 + 기술검증 결과지 + 보정평가표
A28: ='Semiconductor_Extended'!A16 | B28: ='Semiconductor_Extended'!C16 | C28: ='Semiconductor_Extended'!D16 | D28: ='Semiconductor_Extended'!E16
A29: ='Semiconductor_Extended'!A17 | B29: ='Semiconductor_Extended'!C17 | C29: ='Semiconductor_Extended'!D17 | D29: ='Semiconductor_Extended'!E17
A30: ='Semiconductor_Extended'!A18 | B30: ='Semiconductor_Extended'!C18 | C30: ='Semiconductor_Extended'!D18 | D30: ='Semiconductor_Extended'!E18
A31: ='Semiconductor_Extended'!A19 | B31: ='Semiconductor_Extended'!C19 | C31: ='Semiconductor_Extended'!D19 | D31: ='Semiconductor_Extended'!E19
A32: ='Semiconductor_Extended'!A20 | B32: ='Semiconductor_Extended'!C20 | C32: ='Semiconductor_Extended'!D20 | D32: ='Semiconductor_Extended'!E20
A33: ='Semiconductor_Extended'!A21 | B33: ='Semiconductor_Extended'!C21 | C33: ='Semiconductor_Extended'!D21 | D33: ='Semiconductor_Extended'!E21
A34: ='Semiconductor_Extended'!A22 | B34: ='Semiconductor_Extended'!C22 | C34: ='Semiconductor_Extended'!D22 | D34: ='Semiconductor_Extended'!E22
A35: ='Semiconductor_Extended'!A23 | B35: ='Semiconductor_Extended'!C23 | C35: ='Semiconductor_Extended'!D23 | D35: ='Semiconductor_Extended'!E23
A36: ='Semiconductor_Extended'!A24 | B36: ='Semiconductor_Extended'!C24 | C36: ='Semiconductor_Extended'!D24 | D36: ='Semiconductor_Extended'!E24
A37: ='Semiconductor_Extended'!A25 | B37: ='Semiconductor_Extended'!C25 | C37: ='Semiconductor_Extended'!D25 | D37: ='Semiconductor_Extended'!E25
A38: ='Semiconductor_Extended'!A26 | B38: ='Semiconductor_Extended'!C26 | C38: ='Semiconductor_Extended'!D26 | D38: ='Semiconductor_Extended'!E26
A39: ='Semiconductor_Extended'!A27 | B39: ='Semiconductor_Extended'!C27 | C39: ='Semiconductor_Extended'!D27 | D39: ='Semiconductor_Extended'!E27
... A43: ='Semiconductor_Extended'!A31 | B43: ='Semiconductor_Extended'!C31 | C43: ='Semiconductor_Extended'!D31 | D43: ='Semiconductor_Extended'!E31

Sheet Mobility_Extended
A1: 모빌리티 투자심사 점수평가표 - TIPS/CVC 확장판
A3: 기본정보
A4: 기업명 | E4: 총점 | F4: =SUM(E16:E31)
A5: 대표자 | E5: 권고안 | F5: =IF(F4>=85,"적극 투자검토",IF(F4>=70,"조건부 투자검토",IF(F4>=55,"PoC/보육 우선","부적합")))
A6: 검토일 | E6: TIPS 평균점수 | F6: =ROUND(AVERAGE(D29:D30),1)
A7: 심사역 | E7: CVC 평균점수 | F7: =ROUND(AVERAGE(D27:D28),1)
A8: 기술 분야 | B8: 모빌리티
A9: 단계 | B9: Pre-seed / Seed / Series A-
A10: 검토 목적 | B10: 투자심사 / IC 상정 전 검토
A14: 점수평가표
A15: 평가영역 | B15: 세부항목 | C15: 배점 | D15: 점수(1~5) | E15: 환산점수 | F15: 평가코멘트
A16: 기술성 | B16: 핵심기술 차별성 | C16: 8 | E16: =IF(D16="",0,D16/5*C16)
A17: 기술성 | B17: 기능 성능 수준 | C17: 8 | E17: =IF(D17="",0,D17/5*C17)
A18: 기술성 | B18: 시스템 연동성 | C18: 6 | E18: =IF(D18="",0,D18/5*C18)
A19: 안전성 | B19: 기능안전/고장대응 | C19: 9 | E19: =IF(D19="",0,D19/5*C19)
A20: 안전성 | B20: 신뢰성/내구성 | C20: 7 | E20: =IF(D20="",0,D20/5*C20)
A21: 규제 | B21: 인증/규제 대응력 | C21: 7 | E21: =IF(D21="",0,D21/5*C21)
A22: 적용성 | B22: 실차/현장 적용 가능성 | C22: 9 | E22: =IF(D22="",0,D22/5*C22)
A23: 적용성 | B23: OEM/Tier 구조 적합성 | C23: 7 | E23: =IF(D23="",0,D23/5*C23)
A24: 사업성 | B24: 시장성 및 고객 명확성 | C24: 6 | E24: =IF(D24="",0,D24/5*C24)
A25: 사업성 | B25: 실증→계약 전환 경로 | C25: 6 | E25: =IF(D25="",0,D25/5*C25)
A26: 전략성 | B26: CVC 전략 적합성 | C26: 5 | E26: =IF(D26="",0,D26/5*C26)
A27: 전략성 | B27: CVC 전환 가능성 | C27: 4 | E27: =IF(D27="",0,D27/5*C27)
... A31: 팀 | B31: 창업팀 전문성 및 실행력 | C31: 6 | E31: =IF(D31="",0,D31/5*C31)
A32: 총점 | E32: =SUM(E16:E31)
A34: 총평
A35: 강점
A36: 핵심 리스크
A37: 필수 보완과제
A38: IC 상정 권고 여부

Sheet IC_Summary_Mobility
A7: Mobility / IC 제출용 1페이지 요약
A9: 1. 기본정보
A10: 기업명 | B10: ='Mobility_Extended'!B4 | E10: 대표자 | F10: ='Mobility_Extended'!B5 | I10: 검토일 | J10: ='Mobility_Extended'!B6
A11: 심사역 | B11: ='Mobility_Extended'!B7 | E11: 기술 분야 | F11: ='Mobility_Extended'!B8 | I11: 단계 | J11: ='Mobility_Extended'!B9
A12: 검토 목적 | B12: ='Mobility_Extended'!B10 | E12: 총점 | F12: ='Mobility_Extended'!F4 | I12: 권고안 | J12: ='Mobility_Extended'!F5
A14: 2. 핵심 지표
A15: 총점 | D15: 권고안 | G15: TIPS 평균점수 | J15: CVC 평균점수
A16: ='Mobility_Extended'!F4 | D16: ='Mobility_Extended'!F5 | G16: ='Mobility_Extended'!F6 | J16: ='Mobility_Extended'!F7
A19: 3. 상위 강점 | E19: 4. 핵심 리스크 | I19: 5. IC 액션 포인트
A20: • 핵심기술 차별성 • 사업화 경로 • 팀 실행력 | E20: • 기술/성능 불확실성 • 양산/실증 지연 • 규제/고객 도입 리스크 | I20: • 즉시 투자 • 조건부 투자 • PoC 우선 • 보육 우선
A26: 6. 항목별 점수 요약
A27: 평가영역 | B27: 배점 | C27: 입력점수 | D27: 환산점수 | F27: 판정 기준 • 85점 이상: 적극 투자검토 • 70~84점: 조건부 투자검토 • 55~69점: PoC/보육 우선 • 54점 이하: 부적합 제출 권장 묶음: 점수평가표 + 기술검증 결과지 + 보정평가표
A28: ='Mobility_Extended'!A16 | B28: ='Mobility_Extended'!C16 | C28: ='Mobility_Extended'!D16 | D28: ='Mobility_Extended'!E16
A29: ='Mobility_Extended'!A17 | B29: ='Mobility_Extended'!C17 | C29: ='Mobility_Extended'!D17 | D29: ='Mobility_Extended'!E17
A30: ='Mobility_Extended'!A18 | B30: ='Mobility_Extended'!C18 | C30: ='Mobility_Extended'!D18 | D30: ='Mobility_Extended'!E18
A31: ='Mobility_Extended'!A19 | B31: ='Mobility_Extended'!C19 | C31: ='Mobility_Extended'!D19 | D31: ='Mobility_Extended'!E19
A32: ='Mobility_Extended'!A20 | B32: ='Mobility_Extended'!C20 | C32: ='Mobility_Extended'!D20 | D32: ='Mobility_Extended'!E20
A33: ='Mobility_Extended'!A21 | B33: ='Mobility_Extended'!C21 | C33: ='Mobility_Extended'!D21 | D33: ='Mobility_Extended'!E21
A34: ='Mobility_Extended'!A22 | B34: ='Mobility_Extended'!C22 | C34: ='Mobility_Extended'!D22 | D34: ='Mobility_Extended'!E22
A35: ='Mobility_Extended'!A23 | B35: ='Mobility_Extended'!C23 | C35: ='Mobility_Extended'!D23 | D35: ='Mobility_Extended'!E23
A36: ='Mobility_Extended'!A24 | B36: ='Mobility_Extended'!C24 | C36: ='Mobility_Extended'!D24 | D36: ='Mobility_Extended'!E24
A37: ='Mobility_Extended'!A25 | B37: ='Mobility_Extended'!C25 | C37: ='Mobility_Extended'!D25 | D37: ='Mobility_Extended'!E25
A38: ='Mobility_Extended'!A26 | B38: ='Mobility_Extended'!C26 | C38: ='Mobility_Extended'!D26 | D38: ='Mobility_Extended'!E26
A39: ='Mobility_Extended'!A27 | B39: ='Mobility_Extended'!C27 | C39: ='Mobility_Extended'!D27 | D39: ='Mobility_Extended'!E27
... A43: ='Mobility_Extended'!A31 | B43: ='Mobility_Extended'!C31 | C43: ='Mobility_Extended'!D31 | D43: ='Mobility_Extended'!E31

Sheet Adjustment
A1: 딥테크 보정평가표
A3: 치명적 리스크 점검
A4: No. | B4: 치명적 리스크 항목 | C4: 체크 | D4: 코멘트 | F4: 보정 메모
A5: 1 | B5: 핵심 IP 분쟁 가능성이 높다 | C5: [ ]
A6: 2 | B6: 공동창업자 또는 핵심기술 인력 이탈 위험이 높다 | C6: [ ]
A7: 3 | B7: 고객 적용이 구조적으로 매우 어렵다 | C7: [ ]
A8: 4 | B8: 기술 성능 데이터 신뢰성이 낮다 | C8: [ ]
A9: 5 | B9: 인증/규제로 인해 상용화가 장기간 지연될 가능성이 높다 | C9: [ ]
A10: 6 | B10: 자금소진 속도가 지나치게 빠르다 | C10: [ ]
A11: 7 | B11: 양산 또는 공급망 병목이 치명적이다 | C11: [ ]
A13: 전략적 가산 요소 | F13: 권장 사용법
A14: No. | B14: 전략적 가산 요소 | C14: 체크 | D14: 코멘트 | F14: 총점만으로 의사결정하지 말고, Adjustment 시트의 치명적 리스크를 함께 확인합니다.
A15: 1 | B15: 대기업 또는 CVC의 명확한 관심이 존재한다 | C15: [ ] | F15: Semiconductor_Extended 또는 Mobility_Extended의 총점이 높더라도 치명적 리스크가 크면 보류 가능합니다.
A16: 2 | B16: TIPS 적합성이 높다 | C16: [ ] | F16: TIPS 평균점수와 CVC 평균점수는 정책연계/전략연계 관점의 참고지표입니다.
A17: 3 | B17: 정부 R&D 연계 가능성이 높다 | C17: [ ]
A18: 4 | B18: 공동개발 또는 기술이전 가능성이 높다 | C18: [ ]
A19: 5 | B19: 해외 고객 또는 해외 파트너 연계 가능성이 높다 | C19: [ ]
A20: 6 | B20: 산업 파급효과가 크다 | C20: [ ]
