Workbook

Sheet ReadMe
A1: 딥테크 투자심사 점수평가표 - TIPS/CVC 확장판
A3: 구성
A4: 1. Semiconductor_Extended : 반도체 기업용 확장 점수평가표
A5: 2. Mobility_Extended : 모빌리티 기업용 확장 점수평가표
A6: 3. Adjustment : 딥테크 보정평가표
A7: 4. 모든 점수는 1~5 입력, 환산점수·총점·권고안 자동 계산
A8: 5. TIPS 적합성 및 CVC 매칭 가능성 항목이 추가된 버전
A11: 점수 기준
A12: 5점 매우 우수
A13: 4점 우수
A14: 3점 보통
A15: 2점 미흡
... A23: 54점 이하 부적합

Sheet Semiconductor_Extended
A1: 반도체 투자심사 점수평가표 - TIPS/CVC 확장판
A3: 기본정보
A4: 기업명 | E4: 총점 | F4: =SUM(E16:E31)
A5: 대표자 | E5: 권고안 | F5: =IF(F4>=85,"적극 투자검토",IF(F4>=70,"조건부 투자검토",IF(F4>=55,"PoC/보육 우선","부적합")))
A6: 검토일 | E6: TIPS 평균점수 | F6: =ROUND(AVERAGE(D29:D30),1)
A7: 심사역 | E7: CVC 평균점수 | F7: =ROUND(AVERAGE(D27:D28),1)
A8: 기술 분야 | B8: 반도체
A9: 단계 | B9: Pre-seed / Seed / Series A-
A10: 검토 목적 | B10: 투자심사 / IC 상정 전 검토
A14: 점수평가표
A15: 평가영역 | B15: 세부항목 | C15: 배점 | D15: 점수(1~5) | E15: 환산점수 | F15: 평가코멘트
A16: 기술성 | B16: 핵심기술 차별성 | C16: 8 | E16: =IF(D16="",0,D16/5*C16)
A17: 기술성 | B17: 성능 검증 수준 | C17: 8 | E17: =IF(D17="",0,D17/5*C17)
A18: 기술성 | B18: 재현성/반복성 | C18: 6 | E18: =IF(D18="",0,D18/5*C18)
A19: 공정 적합성 | B19: 공정 적용 가능성 | C19: 9 | E19: =IF(D19="",0,D19/5*C19)
A20: 공정 적합성 | B20: 고객 도입 난이도 | C20: 7 | E20: =IF(D20="",0,D20/5*C20)
A21: 양산성 | B21: 수율/스케일업 가능성 | C21: 9 | E21: =IF(D21="",0,D21/5*C21)
A22: 양산성 | B22: 원가 및 생산성 | C22: 6 | E22: =IF(D22="",0,D22/5*C22)
A23: 신뢰성 | B23: 품질/신뢰성 수준 | C23: 7 | E23: =IF(D23="",0,D23/5*C23)
A24: IP | B24: 특허/진입장벽 | C24: 6 | E24: =IF(D24="",0,D24/5*C24)
A25: 시장성 | B25: 고객명확성/시장성 | C25: 6 | E25: =IF(D25="",0,D25/5*C25)
A26: 사업화 | B26: 샘플→매출 전환 경로 | C26: 6 | E26: =IF(D26="",0,D26/5*C26)
A27: 전략성 | B27: CVC 전략 적합성 | C27: 5 | E27: =IF(D27="",0,D27/5*C27)
... A31: 팀 | B31: 창업팀 전문성 및 실행력 | C31: 5 | E31: =IF(D31="",0,D31/5*C31)
A32: 총점 | E32: =SUM(E16:E31)
A34: 총평
A35: 강점
A36: 핵심 리스크
A37: 필수 보완과제
A38: IC 상정 권고 여부

Sheet IC_Summary_Semiconductor
A7: 문서 메타정보
A8: 회사명 | B8: Your Company Name | C8: 문서번호 | D8: IC-SEMI-2026-001 | E8: 버전 | F8: v1.0 | G8: 검토상태 | H8: Draft | I8: 보안등급 | J8: Internal Use Only | K8: 로고 | L8: 상단 배너 참조
A9: 작성 | B9: 심사팀 | C9: 검토 | D9: 투자본부장 | E9: 승인 | F9: 대표/파트너 | G9: 제출대상 | H9: IC | I9: 업종 | J9: Semiconductor | K9: 양식 | L9: 1-Page Summary
A10: Semiconductor 투자심사 IC 요약서
A11: 1. 기본정보
A12: 기업명 | B12: ='Semiconductor_Extended'!B4 | D12: 대표자 | E12: ='Semiconductor_Extended'!B5 | G12: 검토일 | H12: ='Semiconductor_Extended'!B6
A13: 심사역 | B13: ='Semiconductor_Extended'!B7 | D13: 기술 분야 | E13: ='Semiconductor_Extended'!B8 | G13: 단계 | H13: ='Semiconductor_Extended'!B9
A14: 검토 목적 | B14: ='Semiconductor_Extended'!B10 | D14: 총점 | E14: ='Semiconductor_Extended'!F4 | G14: 권고안 | H14: ='Semiconductor_Extended'!F5
A15: 2. 핵심 지표
A16: 총점 | D16: 권고안 | G16: TIPS 평균점수 | J16: CVC 평균점수
A17: ='Semiconductor_Extended'!F4 | D17: ='Semiconductor_Extended'!F5 | G17: ='Semiconductor_Extended'!F6 | J17: ='Semiconductor_Extended'!F7
A19: 3. 상위 강점 | E19: 4. 핵심 리스크 | I19: 5. IC 액션 포인트
A20: • 핵심기술 차별성 • 사업화 경로 명확성 • 팀 실행력 | E20: • 기술/성능 불확실성 • 양산/실증 지연 • 규제/고객 도입 리스크 | I20: • 즉시 투자 • 조건부 투자 • PoC 우선 • 보육 우선
A25: 6. 항목별 점수 요약 | I25: 7. 심의 및 후속조치
A26: 평가영역 | B26: 배점 | C26: 입력점수 | D26: 환산점수 | I26: 투자조건 제안 | K26: 후속 일정
A27: ='Semiconductor_Extended'!A16 | B27: ='Semiconductor_Extended'!C16 | C27: ='Semiconductor_Extended'!D16 | D27: ='Semiconductor_Extended'!E16 | I27: 금액 / 구조 / 주요 조건 | K27: 실사 / IC / 계약 / 집행 일정
A28: ='Semiconductor_Extended'!A17 | B28: ='Semiconductor_Extended'!C17 | C28: ='Semiconductor_Extended'!D17 | D28: ='Semiconductor_Extended'!E17
A29: ='Semiconductor_Extended'!A18 | B29: ='Semiconductor_Extended'!C18 | C29: ='Semiconductor_Extended'!D18 | D29: ='Semiconductor_Extended'!E18
A30: ='Semiconductor_Extended'!A19 | B30: ='Semiconductor_Extended'!C19 | C30: ='Semiconductor_Extended'!D19 | D30: ='Semiconductor_Extended'!E19 | I30: 검토 메모
A31: ='Semiconductor_Extended'!A20 | B31: ='Semiconductor_Extended'!C20 | C31: ='Semiconductor_Extended'!D20 | D31: ='Semiconductor_Extended'!E20 | I31: 대표/파트너 검토 코멘트 입력
A32: ='Semiconductor_Extended'!A21 | B32: ='Semiconductor_Extended'!C21 | C32: ='Semiconductor_Extended'!D21 | D32: ='Semiconductor_Extended'!E21
A33: ='Semiconductor_Extended'!A22 | B33: ='Semiconductor_Extended'!C22 | C33: ='Semiconductor_Extended'!D22 | D33: ='Semiconductor_Extended'!E22
A34: ='Semiconductor_Extended'!A23 | B34: ='Semiconductor_Extended'!C23 | C34: ='Semiconductor_Extended'!D23 | D34: ='Semiconductor_Extended'!E23
A35: 8. 승인 및 제출
A36: 작성 | B36: 심사팀 | D36: 검토 | E36: 투자본부장 | G36: 승인 | H36: 대표/파트너 | J36: 제출일 | K36: YYYY-MM-DD
A41: ='Semiconductor_Extended'!A29 | B41: ='Semiconductor_Extended'!C29 | C41: ='Semiconductor_Extended'!D29 | D41: ='Semiconductor_Extended'!E29
A42: ='Semiconductor_Extended'!A30 | B42: ='Semiconductor_Extended'!C30 | C42: ='Semiconductor_Extended'!D30 | D42: ='Semiconductor_Extended'!E30
A43: ='Semiconductor_Extended'!A31 | B43: ='Semiconductor_Extended'!C31 | C43: ='Semiconductor_Extended'!D31 | D43: ='Semiconductor_Extended'!E31

Sheet TIPS_Summary_Semiconductor
A7: 문서 메타정보
A8: 회사명 | B8: Your Company Name | C8: 문서번호 | D8: TIPS-SEMI-2026-001 | E8: 버전 | F8: v1.0 | G8: 검토상태 | H8: Draft | I8: 보안등급 | J8: Internal Use Only | K8: 로고 | L8: 상단 배너 참조
A9: 작성 | B9: 심사팀 | C9: 검토 | D9: 투자본부장 | E9: 승인 | F9: 대표/파트너 | G9: 제출대상 | H9: TIPS 검토회의 | I9: 업종 | J9: Semiconductor | K9: 양식 | L9: 1-Page Summary
A10: Semiconductor TIPS 심사용 요약서
A11: 1. 기본정보
A12: 기업명 | B12: ='Semiconductor_Extended'!B4 | D12: 대표자 | E12: ='Semiconductor_Extended'!B5 | G12: 검토일 | H12: ='Semiconductor_Extended'!B6
A13: 심사역 | B13: ='Semiconductor_Extended'!B7 | D13: 기술 분야 | E13: ='Semiconductor_Extended'!B8 | G13: 단계 | H13: ='Semiconductor_Extended'!B9
A14: 검토 목적 | B14: ='Semiconductor_Extended'!B10 | D14: 총점 | E14: ='Semiconductor_Extended'!F4 | G14: 권고안 | H14: ='Semiconductor_Extended'!F5
A15: 2. TIPS 핵심 지표
A16: 총점 | D16: TIPS 평균점수 | G16: TIPS 실행 준비도 | J16: 1차 권고안
A17: ='Semiconductor_Extended'!F4 | D17: ='Semiconductor_Extended'!F6 | G17: =ROUND(AVERAGE('Semiconductor_Extended'!D29,'Semiconductor_Extended'!D30),1) | J17: =IF(F17>=4.0,"즉시 추천 검토",IF(F17>=3.5,"보완 후 추천","추가 준비 필요"))
A19: 3. TIPS 추천 포인트 | E19: 4. 보완 필요사항 | I19: 5. 추천 액션 포인트
A20: • 기술 차별성 • 민간투자 적합성 • 사업화 가능성 | E20: • 기술 검증 데이터 추가 • 시장/고객 근거 보강 • 사업계획 정밀화 | I20: • 즉시 추천 • 조건부 추천 • 3개월 내 보완 • 추가 검증 후 재심
A25: 6. TIPS 관련 점수 요약 | I25: 7. 추천 및 후속조치
A26: 평가영역 | B26: 배점 | C26: 입력점수 | D26: 환산점수 | I26: 추천 판단 | K26: 후속 일정
A27: ='Semiconductor_Extended'!A16 | B27: ='Semiconductor_Extended'!C16 | C27: ='Semiconductor_Extended'!D16 | D27: ='Semiconductor_Extended'!E16 | I27: 일반트랙 / 딥테크트랙 / 보완 후 재검토 | K27: 자료보완 / 내부심사 / 추천 / 제출 일정
A28: ='Semiconductor_Extended'!A17 | B28: ='Semiconductor_Extended'!C17 | C28: ='Semiconductor_Extended'!D17 | D28: ='Semiconductor_Extended'!E17
A29: ='Semiconductor_Extended'!A24 | B29: ='Semiconductor_Extended'!C24 | C29: ='Semiconductor_Extended'!D24 | D29: ='Semiconductor_Extended'!E24
A30: ='Semiconductor_Extended'!A27 | B30: ='Semiconductor_Extended'!C27 | C30: ='Semiconductor_Extended'!D27 | D30: ='Semiconductor_Extended'!E27 | I30: 검토 메모
A31: ='Semiconductor_Extended'!A28 | B31: ='Semiconductor_Extended'!C28 | C31: ='Semiconductor_Extended'!D28 | D31: ='Semiconductor_Extended'!E28 | I31: TIPS 발표자료 및 사업계획서 관련 코멘트 입력
A32: ='Semiconductor_Extended'!A29 | B32: ='Semiconductor_Extended'!C29 | C32: ='Semiconductor_Extended'!D29 | D32: ='Semiconductor_Extended'!E29
A33: ='Semiconductor_Extended'!A30 | B33: ='Semiconductor_Extended'!C30 | C33: ='Semiconductor_Extended'!D30 | D33: ='Semiconductor_Extended'!E30
A35: 8. 승인 및 제출
A36: 작성 | B36: 심사팀 | D36: 검토 | E36: 투자본부장 | G36: 승인 | H36: 대표/파트너 | J36: 제출일 | K36: YYYY-MM-DD

Sheet Mobility_Extended
A1: 모빌리티 투자심사 점수평가표 - TIPS/CVC 확장판
A3: 기본정보
A4: 기업명 | E4: 총점 | F4: =SUM(E16:E31)
A5: 대표자 | E5: 권고안 | F5: =IF(F4>=85,"적극 투자검토",IF(F4>=70,"조건부 투자검토",IF(F4>=55,"PoC/보육 우선","부적합")))
A6: 검토일 | E6: TIPS 평균점수 | F6: =ROUND(AVERAGE(D29:D30),1)
A7: 심사역 | E7: CVC 평균점수 | F7: =ROUND(AVERAGE(D27:D28),1)
A8: 기술 분야 | B8: 모빌리티
A9: 단계 | B9: Pre-seed / Seed / Series A-
A10: 검토 목적 | B10: 투자심사 / IC 상정 전 검토
A14: 점수평가표
A15: 평가영역 | B15: 세부항목 | C15: 배점 | D15: 점수(1~5) | E15: 환산점수 | F15: 평가코멘트
A16: 기술성 | B16: 핵심기술 차별성 | C16: 8 | E16: =IF(D16="",0,D16/5*C16)
A17: 기술성 | B17: 기능 성능 수준 | C17: 8 | E17: =IF(D17="",0,D17/5*C17)
A18: 기술성 | B18: 시스템 연동성 | C18: 6 | E18: =IF(D18="",0,D18/5*C18)
A19: 안전성 | B19: 기능안전/고장대응 | C19: 9 | E19: =IF(D19="",0,D19/5*C19)
A20: 안전성 | B20: 신뢰성/내구성 | C20: 7 | E20: =IF(D20="",0,D20/5*C20)
A21: 규제 | B21: 인증/규제 대응력 | C21: 7 | E21: =IF(D21="",0,D21/5*C21)
A22: 적용성 | B22: 실차/현장 적용 가능성 | C22: 9 | E22: =IF(D22="",0,D22/5*C22)
A23: 적용성 | B23: OEM/Tier 구조 적합성 | C23: 7 | E23: =IF(D23="",0,D23/5*C23)
A24: 사업성 | B24: 시장성 및 고객 명확성 | C24: 6 | E24: =IF(D24="",0,D24/5*C24)
A25: 사업성 | B25: 실증→계약 전환 경로 | C25: 6 | E25: =IF(D25="",0,D25/5*C25)
A26: 전략성 | B26: CVC 전략 적합성 | C26: 5 | E26: =IF(D26="",0,D26/5*C26)
A27: 전략성 | B27: CVC 전환 가능성 | C27: 4 | E27: =IF(D27="",0,D27/5*C27)
... A31: 팀 | B31: 창업팀 전문성 및 실행력 | C31: 6 | E31: =IF(D31="",0,D31/5*C31)
A32: 총점 | E32: =SUM(E16:E31)
A34: 총평
A35: 강점
A36: 핵심 리스크
A37: 필수 보완과제
A38: IC 상정 권고 여부

Sheet IC_Summary_Mobility
A7: 문서 메타정보
A8: 회사명 | B8: Your Company Name | C8: 문서번호 | D8: IC-MOBI-2026-001 | E8: 버전 | F8: v1.0 | G8: 검토상태 | H8: Draft | I8: 보안등급 | J8: Internal Use Only | K8: 로고 | L8: 상단 배너 참조
A9: 작성 | B9: 심사팀 | C9: 검토 | D9: 투자본부장 | E9: 승인 | F9: 대표/파트너 | G9: 제출대상 | H9: IC | I9: 업종 | J9: Mobility | K9: 양식 | L9: 1-Page Summary
A10: Mobility 투자심사 IC 요약서
A11: 1. 기본정보
A12: 기업명 | B12: ='Mobility_Extended'!B4 | D12: 대표자 | E12: ='Mobility_Extended'!B5 | G12: 검토일 | H12: ='Mobility_Extended'!B6
A13: 심사역 | B13: ='Mobility_Extended'!B7 | D13: 기술 분야 | E13: ='Mobility_Extended'!B8 | G13: 단계 | H13: ='Mobility_Extended'!B9
A14: 검토 목적 | B14: ='Mobility_Extended'!B10 | D14: 총점 | E14: ='Mobility_Extended'!F4 | G14: 권고안 | H14: ='Mobility_Extended'!F5
A15: 2. 핵심 지표
A16: 총점 | D16: 권고안 | G16: TIPS 평균점수 | J16: CVC 평균점수
A17: ='Mobility_Extended'!F4 | D17: ='Mobility_Extended'!F5 | G17: ='Mobility_Extended'!F6 | J17: ='Mobility_Extended'!F7
A19: 3. 상위 강점 | E19: 4. 핵심 리스크 | I19: 5. IC 액션 포인트
A20: • 핵심기술 차별성 • 사업화 경로 명확성 • 팀 실행력 | E20: • 기술/성능 불확실성 • 양산/실증 지연 • 규제/고객 도입 리스크 | I20: • 즉시 투자 • 조건부 투자 • PoC 우선 • 보육 우선
A25: 6. 항목별 점수 요약 | I25: 7. 심의 및 후속조치
A26: 평가영역 | B26: 배점 | C26: 입력점수 | D26: 환산점수 | I26: 투자조건 제안 | K26: 후속 일정
A27: ='Mobility_Extended'!A16 | B27: ='Mobility_Extended'!C16 | C27: ='Mobility_Extended'!D16 | D27: ='Mobility_Extended'!E16 | I27: 금액 / 구조 / 주요 조건 | K27: 실사 / IC / 계약 / 집행 일정
A28: ='Mobility_Extended'!A17 | B28: ='Mobility_Extended'!C17 | C28: ='Mobility_Extended'!D17 | D28: ='Mobility_Extended'!E17
A29: ='Mobility_Extended'!A18 | B29: ='Mobility_Extended'!C18 | C29: ='Mobility_Extended'!D18 | D29: ='Mobility_Extended'!E18
A30: ='Mobility_Extended'!A19 | B30: ='Mobility_Extended'!C19 | C30: ='Mobility_Extended'!D19 | D30: ='Mobility_Extended'!E19 | I30: 검토 메모
A31: ='Mobility_Extended'!A20 | B31: ='Mobility_Extended'!C20 | C31: ='Mobility_Extended'!D20 | D31: ='Mobility_Extended'!E20 | I31: 대표/파트너 검토 코멘트 입력
A32: ='Mobility_Extended'!A21 | B32: ='Mobility_Extended'!C21 | C32: ='Mobility_Extended'!D21 | D32: ='Mobility_Extended'!E21
A33: ='Mobility_Extended'!A22 | B33: ='Mobility_Extended'!C22 | C33: ='Mobility_Extended'!D22 | D33: ='Mobility_Extended'!E22
A34: ='Mobility_Extended'!A23 | B34: ='Mobility_Extended'!C23 | C34: ='Mobility_Extended'!D23 | D34: ='Mobility_Extended'!E23
A35: 8. 승인 및 제출
A36: 작성 | B36: 심사팀 | D36: 검토 | E36: 투자본부장 | G36: 승인 | H36: 대표/파트너 | J36: 제출일 | K36: YYYY-MM-DD
A41: ='Mobility_Extended'!A29 | B41: ='Mobility_Extended'!C29 | C41: ='Mobility_Extended'!D29 | D41: ='Mobility_Extended'!E29
A42: ='Mobility_Extended'!A30 | B42: ='Mobility_Extended'!C30 | C42: ='Mobility_Extended'!D30 | D42: ='Mobility_Extended'!E30
A43: ='Mobility_Extended'!A31 | B43: ='Mobility_Extended'!C31 | C43: ='Mobility_Extended'!D31 | D43: ='Mobility_Extended'!E31

Sheet TIPS_Summary_Mobility
A7: 문서 메타정보
A8: 회사명 | B8: Your Company Name | C8: 문서번호 | D8: TIPS-MOBI-2026-001 | E8: 버전 | F8: v1.0 | G8: 검토상태 | H8: Draft | I8: 보안등급 | J8: Internal Use Only | K8: 로고 | L8: 상단 배너 참조
A9: 작성 | B9: 심사팀 | C9: 검토 | D9: 투자본부장 | E9: 승인 | F9: 대표/파트너 | G9: 제출대상 | H9: TIPS 검토회의 | I9: 업종 | J9: Mobility | K9: 양식 | L9: 1-Page Summary
A10: Mobility TIPS 심사용 요약서
A11: 1. 기본정보
A12: 기업명 | B12: ='Mobility_Extended'!B4 | D12: 대표자 | E12: ='Mobility_Extended'!B5 | G12: 검토일 | H12: ='Mobility_Extended'!B6
A13: 심사역 | B13: ='Mobility_Extended'!B7 | D13: 기술 분야 | E13: ='Mobility_Extended'!B8 | G13: 단계 | H13: ='Mobility_Extended'!B9
A14: 검토 목적 | B14: ='Mobility_Extended'!B10 | D14: 총점 | E14: ='Mobility_Extended'!F4 | G14: 권고안 | H14: ='Mobility_Extended'!F5
A15: 2. TIPS 핵심 지표
A16: 총점 | D16: TIPS 평균점수 | G16: TIPS 실행 준비도 | J16: 1차 권고안
A17: ='Mobility_Extended'!F4 | D17: ='Mobility_Extended'!F6 | G17: =ROUND(AVERAGE('Mobility_Extended'!D29,'Mobility_Extended'!D30),1) | J17: =IF(F17>=4.0,"즉시 추천 검토",IF(F17>=3.5,"보완 후 추천","추가 준비 필요"))
A19: 3. TIPS 추천 포인트 | E19: 4. 보완 필요사항 | I19: 5. 추천 액션 포인트
A20: • 기술 차별성 • 민간투자 적합성 • 사업화 가능성 | E20: • 기술 검증 데이터 추가 • 시장/고객 근거 보강 • 사업계획 정밀화 | I20: • 즉시 추천 • 조건부 추천 • 3개월 내 보완 • 추가 검증 후 재심
A25: 6. TIPS 관련 점수 요약 | I25: 7. 추천 및 후속조치
A26: 평가영역 | B26: 배점 | C26: 입력점수 | D26: 환산점수 | I26: 추천 판단 | K26: 후속 일정
A27: ='Mobility_Extended'!A16 | B27: ='Mobility_Extended'!C16 | C27: ='Mobility_Extended'!D16 | D27: ='Mobility_Extended'!E16 | I27: 일반트랙 / 딥테크트랙 / 보완 후 재검토 | K27: 자료보완 / 내부심사 / 추천 / 제출 일정
A28: ='Mobility_Extended'!A17 | B28: ='Mobility_Extended'!C17 | C28: ='Mobility_Extended'!D17 | D28: ='Mobility_Extended'!E17
A29: ='Mobility_Extended'!A24 | B29: ='Mobility_Extended'!C24 | C29: ='Mobility_Extended'!D24 | D29: ='Mobility_Extended'!E24
A30: ='Mobility_Extended'!A27 | B30: ='Mobility_Extended'!C27 | C30: ='Mobility_Extended'!D27 | D30: ='Mobility_Extended'!E27 | I30: 검토 메모
A31: ='Mobility_Extended'!A28 | B31: ='Mobility_Extended'!C28 | C31: ='Mobility_Extended'!D28 | D31: ='Mobility_Extended'!E28 | I31: TIPS 발표자료 및 사업계획서 관련 코멘트 입력
A32: ='Mobility_Extended'!A29 | B32: ='Mobility_Extended'!C29 | C32: ='Mobility_Extended'!D29 | D32: ='Mobility_Extended'!E29
A33: ='Mobility_Extended'!A30 | B33: ='Mobility_Extended'!C30 | C33: ='Mobility_Extended'!D30 | D33: ='Mobility_Extended'!E30
A35: 8. 승인 및 제출
A36: 작성 | B36: 심사팀 | D36: 검토 | E36: 투자본부장 | G36: 승인 | H36: 대표/파트너 | J36: 제출일 | K36: YYYY-MM-DD

Sheet Adjustment
A1: 딥테크 보정평가표
A3: 치명적 리스크 점검
A4: No. | B4: 치명적 리스크 항목 | C4: 체크 | D4: 코멘트 | F4: 보정 메모
A5: 1 | B5: 핵심 IP 분쟁 가능성이 높다 | C5: [ ]
A6: 2 | B6: 공동창업자 또는 핵심기술 인력 이탈 위험이 높다 | C6: [ ]
A7: 3 | B7: 고객 적용이 구조적으로 매우 어렵다 | C7: [ ]
A8: 4 | B8: 기술 성능 데이터 신뢰성이 낮다 | C8: [ ]
A9: 5 | B9: 인증/규제로 인해 상용화가 장기간 지연될 가능성이 높다 | C9: [ ]
A10: 6 | B10: 자금소진 속도가 지나치게 빠르다 | C10: [ ]
A11: 7 | B11: 양산 또는 공급망 병목이 치명적이다 | C11: [ ]
A13: 전략적 가산 요소 | F13: 권장 사용법
A14: No. | B14: 전략적 가산 요소 | C14: 체크 | D14: 코멘트 | F14: 총점만으로 의사결정하지 말고, Adjustment 시트의 치명적 리스크를 함께 확인합니다.
A15: 1 | B15: 대기업 또는 CVC의 명확한 관심이 존재한다 | C15: [ ] | F15: Semiconductor_Extended 또는 Mobility_Extended의 총점이 높더라도 치명적 리스크가 크면 보류 가능합니다.
A16: 2 | B16: TIPS 적합성이 높다 | C16: [ ] | F16: TIPS 평균점수와 CVC 평균점수는 정책연계/전략연계 관점의 참고지표입니다.
A17: 3 | B17: 정부 R&D 연계 가능성이 높다 | C17: [ ]
A18: 4 | B18: 공동개발 또는 기술이전 가능성이 높다 | C18: [ ]
A19: 5 | B19: 해외 고객 또는 해외 파트너 연계 가능성이 높다 | C19: [ ]
A20: 6 | B20: 산업 파급효과가 크다 | C20: [ ]
